;?????: 0;????? : 1
00:00:00,000,000;0,2393;1,7236
00:00:00,000,100;0,2588;1,792
00:00:00,000,200;0,2686;1,853
00:00:00,000,300;0,2686;1,9214
00:00:00,000,400;0,2783;1,9727
00:00:00,000,500;0,2881;2,0508
00:00:00,000,600;0,3003;2,0898
00:00:00,000,700;0,3394;2,1509
00:00:00,000,800;0,3198;2,1997
00:00:00,000,900;0,3296;2,2607
00:00:00,001,000;0,3491;2,3096
00:00:00,001,100;0,3394;2,3706
00:00:00,001,200;0,3589;2,4194
00:00:00,001,300;0,3882;2,478
00:00:00,001,400;0,3784;2,5293
00:00:00,001,500;0,3687;2,5879
00:00:00,001,600;0,4077;2,6489
00:00:00,001,700;0,3882;2,7075
00:00:00,001,800;0,3979;2,7979
00:00:00,001,900;0,4175;2,8271
00:00:00,002,000;0,4175;2,9077
00:00:00,002,100;0,4175;2,937
00:00:00,002,200;0,459;2,9956
00:00:00,002,300;0,4297;3,0566
00:00:00,002,400;0,459;3,0957
00:00:00,002,500;0,459;3,1665
00:00:00,002,600;0,4492;3,2153
00:00:00,002,700;0,4883;3,2959
00:00:00,002,800;0,459;3,335
00:00:00,002,900;0,4785;3,3643
00:00:00,003,000;0,4688;3,4448
00:00:00,003,100;0,498;3,4839
00:00:00,003,200;0,498;3,5254
00:00:00,003,300;0,4785;3,5742
00:00:00,003,400;0,5176;3,6133
00:00:00,003,500;0,4883;3,6426
00:00:00,003,600;0,5078;3,6841
00:00:00,003,700;0,4883;3,7036
00:00:00,003,800;0,5078;3,7329
00:00:00,003,900;0,4883;3,7524
00:00:00,004,000;0,5078;3,7622
00:00:00,004,100;0,498;3,772
00:00:00,004,200;0,498;3,7842
00:00:00,004,300;0,4883;3,772
00:00:00,004,400;0,498;3,7622
00:00:00,004,500;0,459;3,7329
00:00:00,004,600;0,4883;3,7036
00:00:00,004,700;0,4688;3,6035
00:00:00,004,800;0,4883;3,5254
00:00:00,004,900;0,4785;3,4546
00:00:00,005,000;0,498;3,3838
00:00:00,005,100;0,4688;3,3252
00:00:00,005,200;0,4785;3,2349
00:00:00,005,300;0,459;3,1567
00:00:00,005,400;0,4395;3,0664
00:00:00,005,500;0,4492;2,9761
00:00:00,005,600;0,4785;2,8784
00:00:00,005,700;0,4395;2,7783
00:00:00,005,800;0,4492;2,688
00:00:00,005,900;0,4395;2,5879
00:00:00,006,000;0,4395;2,5
00:00:00,006,100;0,4395;2,4097
00:00:00,006,200;0,4395;2,3096
00:00:00,006,300;0,4175;2,1997
00:00:00,006,400;0,4077;2,1118
00:00:00,006,500;0,3979;1,9922
00:00:00,006,600;0,3979;1,8823
00:00:00,006,700;0,3784;1,7725
00:00:00,006,800;0,3784;1,6724
00:00:00,006,900;0,3979;1,5234
00:00:00,007,000;0,3979;1,4331
00:00:00,007,100;0,3882;1,3135
00:00:00,007,200;0,3979;1,2061
00:00:00,007,300;0,3882;1,0767
00:00:00,007,400;0,3979;0,9473
00:00:00,007,500;0,4077;0,8374
00:00:00,007,600;0,3979;0,708
00:00:00,007,700;0,4175;0,5981
00:00:00,007,800;0,4077;0,4688
00:00:00,007,900;0,4077;0,3491
00:00:00,008,000;0,4175;0,2197
00:00:00,008,100;0,4077;0,1001
00:00:00,008,200;0,4175;-0,0098
00:00:00,008,300;0,3882;-0,1294
00:00:00,008,400;0,4175;-0,249
00:00:00,008,500;0,4297;-0,3589
00:00:00,008,600;0,4077;-0,4761
00:00:00,008,700;0,4297;-0,5859
00:00:00,008,800;0,4395;-0,7056
00:00:00,008,900;0,4297;-0,8057
00:00:00,009,000;0,4297;-0,9155
00:00:00,009,100;0,3003;-1,0156
00:00:00,009,200;0,2197;-1,1133
00:00:00,009,300;0,0903;-1,2329
00:00:00,009,400;0,0513;-1,3135
00:00:00,009,500;0,0293;-1,4038
00:00:00,009,600;0;-1,4722
00:00:00,009,700;-0,0488;-1,5527
00:00:00,009,800;-0,0391;-1,5918
00:00:00,009,900;-0,0684;-1,6919
00:00:00,010,000;-0,0684;-1,7212
00:00:00,010,100;-0,1001;-1,8018
00:00:00,010,200;-0,1196;-1,8506
00:00:00,010,300;-0,1782;-1,9116
00:00:00,010,400;-0,1782;-1,9702
00:00:00,010,500;-0,188;-2,0288
00:00:00,010,600;-0,2295;-2,1094
00:00:00,010,700;-0,2295;-2,1484
00:00:00,010,800;-0,2588;-2,2095
00:00:00,010,900;-0,2783;-2,2583
00:00:00,011,000;-0,2881;-2,3291
00:00:00,011,100;-0,2979;-2,3682
00:00:00,011,200;-0,3174;-2,439
00:00:00,011,300;-0,3369;-2,5073
00:00:00,011,400;-0,3271;-2,5488
00:00:00,011,500;-0,3687;-2,6074
00:00:00,011,600;-0,3687;-2,666
00:00:00,011,700;-0,3979;-2,7271
00:00:00,011,800;-0,3882;-2,8076
00:00:00,011,900;-0,437;-2,8662
00:00:00,012,000;-0,3979;-2,8857
00:00:00,012,100;-0,4468;-2,9565
00:00:00,012,200;-0,437;-2,9956
00:00:00,012,300;-0,437;-3,0347
00:00:00,012,400;-0,4468;-3,0957
00:00:00,012,500;-0,437;-3,1543
00:00:00,012,600;-0,4175;-3,2056
00:00:00,012,700;-0,4663;-3,2642
00:00:00,012,800;-0,4272;-3,3252
00:00:00,012,900;-0,3979;-3,374
00:00:00,013,000;-0,4077;-3,4131
00:00:00,013,100;-0,4077;-3,4644
00:00:00,013,200;-0,4175;-3,5132
00:00:00,013,300;-0,3979;-3,562
00:00:00,013,400;-0,3687;-3,6035
00:00:00,013,500;-0,3882;-3,6426
00:00:00,013,600;-0,3687;-3,6621
00:00:00,013,700;-0,3687;-3,7134
00:00:00,013,800;-0,3687;-3,7329
00:00:00,013,900;-0,3589;-3,7622
00:00:00,014,000;-0,3369;-3,7524
00:00:00,014,100;-0,3467;-3,772
00:00:00,014,200;-0,3369;-3,7817
00:00:00,014,300;-0,3467;-3,772
00:00:00,014,400;-0,3784;-3,772
00:00:00,014,500;-0,3589;-3,7427
00:00:00,014,600;-0,3369;-3,7134
00:00:00,014,700;-0,3467;-3,6426
00:00:00,014,800;-0,3589;-3,5425
00:00:00,014,900;-0,3369;-3,4937
00:00:00,015,000;-0,3467;-3,3936
00:00:00,015,100;-0,3271;-3,3252
00:00:00,015,200;-0,3271;-3,2544
00:00:00,015,300;-0,3589;-3,1738
00:00:00,015,400;-0,3784;-3,0762
00:00:00,015,500;-0,3589;-2,9858
00:00:00,015,600;-0,3369;-2,9053
00:00:00,015,700;-0,3687;-2,7954
00:00:00,015,800;-0,3784;-2,7075
00:00:00,015,900;-0,3784;-2,6074
00:00:00,016,000;-0,3882;-2,5171
00:00:00,016,100;-0,3784;-2,4292
00:00:00,016,200;-0,3979;-2,3193
00:00:00,016,300;-0,3784;-2,2192
00:00:00,016,400;-0,3979;-2,1289
00:00:00,016,500;-0,4175;-2,0093
00:00:00,016,600;-0,3979;-1,9116
00:00:00,016,700;-0,3979;-1,8018
00:00:00,016,800;-0,3687;-1,6821
00:00:00,016,900;-0,3784;-1,5625
00:00:00,017,000;-0,3784;-1,4429
00:00:00,017,100;-0,3784;-1,333
00:00:00,017,200;-0,3979;-1,2134
00:00:00,017,300;-0,3882;-1,0938
00:00:00,017,400;-0,3687;-0,9644
00:00:00,017,500;-0,3687;-0,8545
00:00:00,017,600;-0,3589;-0,7349
00:00:00,017,700;-0,3687;-0,6177
00:00:00,017,800;-0,3369;-0,4883
00:00:00,017,900;-0,3467;-0,3784
00:00:00,018,000;-0,3369;-0,2393
00:00:00,018,100;-0,3467;-0,1196
00:00:00,018,200;-0,3589;0
00:00:00,018,300;-0,3174;0,1099
00:00:00,018,400;-0,3076;0,2393
00:00:00,018,500;-0,2979;0,3687
00:00:00,018,600;-0,2979;0,4785
00:00:00,018,700;-0,2979;0,5786
00:00:00,018,800;-0,2783;0,6885
00:00:00,018,900;-0,2979;0,8179
00:00:00,019,000;-0,2686;0,9155
00:00:00,019,100;-0,1294;1,0156
00:00:00,019,200;-0,0879;1,0962
00:00:00,019,300;0,0513;1,1938
00:00:00,019,400;0,1001;1,3037
00:00:00,019,500;0,1294;1,3647
00:00:00,019,600;0,1392;1,4331
00:00:00,019,700;0,2002;1,5137
00:00:00,019,800;0,2002;1,582
00:00:00,019,900;0,2393;1,6626
00:00:00,020,000;0,2588;1,7236
00:00:00,020,100;0,2588;1,8018
00:00:00,020,200;0,2881;1,8408
00:00:00,020,300;0,2686;1,9116
00:00:00,020,400;0,2881;1,9727
00:00:00,020,500;0,3003;2,0215
00:00:00,020,600;0,3101;2,0801
00:00:00,020,700;0,3296;2,1509
00:00:00,020,800;0,3003;2,1997
00:00:00,020,900;0,3296;2,2705
00:00:00,021,000;0,3394;2,3096
00:00:00,021,100;0,3491;2,3608
00:00:00,021,200;0,3491;2,4292
00:00:00,021,300;0,3491;2,478
00:00:00,021,400;0,3784;2,5195
00:00:00,021,500;0,3589;2,5879
00:00:00,021,600;0,3687;2,6392
00:00:00,021,700;0,3882;2,7075
00:00:00,021,800;0,3979;2,7783
00:00:00,021,900;0,4077;2,8467
00:00:00,022,000;0,4297;2,8882
00:00:00,022,100;0,4297;2,9565
00:00:00,022,200;0,4492;2,9956
00:00:00,022,300;0,459;3,0566
00:00:00,022,400;0,4492;3,125
00:00:00,022,500;0,4492;3,147
00:00:00,022,600;0,4688;3,2251
00:00:00,022,700;0,4785;3,2666
00:00:00,022,800;0,4688;3,335
00:00:00,022,900;0,4883;3,374
00:00:00,023,000;0,4883;3,4448
00:00:00,023,100;0,4883;3,4839
00:00:00,023,200;0,4883;3,5254
00:00:00,023,300;0,4688;3,584
00:00:00,023,400;0,4688;3,5938
00:00:00,023,500;0,498;3,6548
00:00:00,023,600;0,498;3,6841
00:00:00,023,700;0,498;3,7134
00:00:00,023,800;0,5078;3,7329
00:00:00,023,900;0,5078;3,7622
00:00:00,024,000;0,5176;3,7524
00:00:00,024,100;0,4785;3,772
00:00:00,024,200;0,5176;3,7622
00:00:00,024,300;0,4688;3,772
00:00:00,024,400;0,5078;3,772
00:00:00,024,500;0,4785;3,7329
00:00:00,024,600;0,4785;3,7036
00:00:00,024,700;0,4785;3,6035
00:00:00,024,800;0,498;3,5352
00:00:00,024,900;0,498;3,4741
00:00:00,025,000;0,4785;3,4058
00:00:00,025,100;0,4785;3,3252
00:00:00,025,200;0,459;3,2349
00:00:00,025,300;0,459;3,1763
00:00:00,025,400;0,459;3,0664
00:00:00,025,500;0,4395;2,9761
00:00:00,025,600;0,4492;2,8784
00:00:00,025,700;0,4175;2,7881
00:00:00,025,800;0,4395;2,7075
00:00:00,025,900;0,4175;2,5879
00:00:00,026,000;0,4175;2,5195
00:00:00,026,100;0,4175;2,4194
00:00:00,026,200;0,3979;2,2998
00:00:00,026,300;0,3979;2,1997
00:00:00,026,400;0,4077;2,1118
00:00:00,026,500;0,4175;2,0117
00:00:00,026,600;0,3882;1,8921
00:00:00,026,700;0,3979;1,7822
00:00:00,026,800;0,3882;1,6528
00:00:00,026,900;0,3784;1,5527
00:00:00,027,000;0,3882;1,4331
00:00:00,027,100;0,3784;1,3135
00:00:00,027,200;0,3784;1,1938
00:00:00,027,300;0,3784;1,0645
00:00:00,027,400;0,3882;0,957
00:00:00,027,500;0,3589;0,8374
00:00:00,027,600;0,4077;0,7275
00:00:00,027,700;0,3687;0,5981
00:00:00,027,800;0,3979;0,4785
00:00:00,027,900;0,3979;0,3491
00:00:00,028,000;0,4175;0,2295
00:00:00,028,100;0,4077;0,1099
00:00:00,028,200;0,4175;-0,0195
00:00:00,028,300;0,3979;-0,1294
00:00:00,028,400;0,4297;-0,249
00:00:00,028,500;0,4297;-0,3687
00:00:00,028,600;0,4175;-0,4761
00:00:00,028,700;0,4297;-0,5957
00:00:00,028,800;0,4297;-0,6763
00:00:00,028,900;0,4175;-0,8252
00:00:00,029,000;0,4297;-0,9058
00:00:00,029,100;0,3003;-1,0156
00:00:00,029,200;0,2295;-1,123
00:00:00,029,300;0,0806;-1,2134
00:00:00,029,400;0,061;-1,3232
00:00:00,029,500;-0,0098;-1,4136
00:00:00,029,600;0;-1,4722
00:00:00,029,700;-0,0293;-1,5527
00:00:00,029,800;-0,0391;-1,6113
00:00:00,029,900;-0,0684;-1,6821
00:00:00,030,000;-0,1001;-1,731
00:00:00,030,100;-0,1196;-1,8018
00:00:00,030,200;-0,1294;-1,8604
00:00:00,030,300;-0,1587;-1,9312
00:00:00,030,400;-0,188;-1,9702
00:00:00,030,500;-0,2173;-2,041
00:00:00,030,600;-0,2295;-2,1094
00:00:00,030,700;-0,249;-2,1606
00:00:00,030,800;-0,249;-2,2192
00:00:00,030,900;-0,2783;-2,29
00:00:00,031,000;-0,3076;-2,3291
00:00:00,031,100;-0,3076;-2,3779
00:00:00,031,200;-0,3174;-2,4487
00:00:00,031,300;-0,3467;-2,4976
00:00:00,031,400;-0,3687;-2,5684
00:00:00,031,500;-0,3784;-2,627
00:00:00,031,600;-0,4175;-2,688
00:00:00,031,700;-0,3882;-2,7368
00:00:00,031,800;-0,4175;-2,7954
00:00:00,031,900;-0,4272;-2,8564
00:00:00,032,000;-0,4175;-2,8955
00:00:00,032,100;-0,4663;-2,9468
00:00:00,032,200;-0,437;-2,9956
00:00:00,032,300;-0,4565;-3,0542
00:00:00,032,400;-0,4565;-3,1055
00:00:00,032,500;-0,4468;-3,1543
00:00:00,032,600;-0,4468;-3,2153
00:00:00,032,700;-0,4272;-3,2642
00:00:00,032,800;-0,437;-3,3252
00:00:00,032,900;-0,4175;-3,3838
00:00:00,033,000;-0,4175;-3,4229
00:00:00,033,100;-0,4175;-3,4839
00:00:00,033,200;-0,4077;-3,5327
00:00:00,033,300;-0,4175;-3,5718
00:00:00,033,400;-0,4175;-3,6133
00:00:00,033,500;-0,3979;-3,6523
00:00:00,033,600;-0,3784;-3,6816
00:00:00,033,700;-0,3589;-3,7231
00:00:00,033,800;-0,3784;-3,7231
00:00:00,033,900;-0,3687;-3,772
00:00:00,034,000;-0,3784;-3,7427
00:00:00,034,100;-0,3589;-3,772
00:00:00,034,200;-0,3687;-3,7817
00:00:00,034,300;-0,3687;-3,7817
00:00:00,034,400;-0,3467;-3,7622
00:00:00,034,500;-0,3369;-3,7427
00:00:00,034,600;-0,3467;-3,7329
00:00:00,034,700;-0,3467;-3,6328
00:00:00,034,800;-0,3369;-3,5522
00:00:00,034,900;-0,3467;-3,4741
00:00:00,035,000;-0,3271;-3,4131
00:00:00,035,100;-0,3369;-3,335
00:00:00,035,200;-0,3369;-3,2544
00:00:00,035,300;-0,3589;-3,1836
00:00:00,035,400;-0,3467;-3,0762
00:00:00,035,500;-0,3589;-3,0054
00:00:00,035,600;-0,3687;-2,8857
00:00:00,035,700;-0,3589;-2,8076
00:00:00,035,800;-0,3882;-2,7075
00:00:00,035,900;-0,3979;-2,6465
00:00:00,036,000;-0,3882;-2,5171
00:00:00,036,100;-0,4077;-2,439
00:00:00,036,200;-0,3882;-2,3389
00:00:00,036,300;-0,3882;-2,2192
00:00:00,036,400;-0,3979;-2,1191
00:00:00,036,500;-0,3784;-2,019
00:00:00,036,600;-0,3979;-1,9116
00:00:00,036,700;-0,3784;-1,8115
00:00:00,036,800;-0,3784;-1,6821
00:00:00,036,900;-0,4077;-1,582
00:00:00,037,000;-0,4077;-1,4429
00:00:00,037,100;-0,4175;-1,333
00:00:00,037,200;-0,3784;-1,2231
00:00:00,037,300;-0,4077;-1,084
00:00:00,037,400;-0,3687;-0,9839
00:00:00,037,500;-0,3882;-0,8545
00:00:00,037,600;-0,3589;-0,7349
00:00:00,037,700;-0,3589;-0,6055
00:00:00,037,800;-0,3369;-0,4883
00:00:00,037,900;-0,3467;-0,3784
00:00:00,038,000;-0,3589;-0,249
00:00:00,038,100;-0,3174;-0,1294
00:00:00,038,200;-0,3174;0
00:00:00,038,300;-0,3369;0,1099
00:00:00,038,400;-0,2979;0,2588
00:00:00,038,500;-0,2881;0,3491
00:00:00,038,600;-0,3076;0,459
00:00:00,038,700;-0,2881;0,5688
00:00:00,038,800;-0,2881;0,6885
00:00:00,038,900;-0,2686;0,7861
00:00:00,039,000;-0,2588;0,896
00:00:00,039,100;-0,1294;1,0156
00:00:00,039,200;-0,0879;1,1157
00:00:00,039,300;0,061;1,1938
00:00:00,039,400;0,0903;1,2744
00:00:00,039,500;0,1294;1,3745
00:00:00,039,600;0,1709;1,4429
00:00:00,039,700;0,1807;1,5137
00:00:00,039,800;0,2197;1,5942
00:00:00,039,900;0,21;1,6626
00:00:00,040,000;0,2588;1,7114
00:00:00,040,100;0,249;1,7725
00:00:00,040,200;0,2686;1,8408
00:00:00,040,300;0,2783;1,9214
00:00:00,040,400;0,3101;1,9922
00:00:00,040,500;0,3101;2,0313
00:00:00,040,600;0,3003;2,0898
00:00:00,040,700;0,3296;2,1411
00:00:00,040,800;0,3296;2,2095
00:00:00,040,900;0,3198;2,251
00:00:00,041,000;0,3296;2,3193
00:00:00,041,100;0,3491;2,3706
00:00:00,041,200;0,3491;2,4194
00:00:00,041,300;0,3491;2,478
00:00:00,041,400;0,3687;2,5195
00:00:00,041,500;0,3687;2,5781
00:00:00,041,600;0,3784;2,6489
00:00:00,041,700;0,3979;2,6978
00:00:00,041,800;0,3882;2,7881
00:00:00,041,900;0,4077;2,8467
00:00:00,042,000;0,3979;2,9077
00:00:00,042,100;0,4175;2,9468
00:00:00,042,200;0,4492;3,0078
00:00:00,042,300;0,4395;3,0469
00:00:00,042,400;0,4688;3,1152
00:00:00,042,500;0,459;3,1763
00:00:00,042,600;0,4688;3,2251
00:00:00,042,700;0,4688;3,2861
00:00:00,042,800;0,4785;3,3447
00:00:00,042,900;0,4688;3,3838
00:00:00,043,000;0,4688;3,4351
00:00:00,043,100;0,4688;3,4839
00:00:00,043,200;0,4883;3,5132
00:00:00,043,300;0,4785;3,584
00:00:00,043,400;0,5078;3,6328
00:00:00,043,500;0,4883;3,6646
00:00:00,043,600;0,498;3,7036
00:00:00,043,700;0,498;3,7036
00:00:00,043,800;0,5078;3,7524
00:00:00,043,900;0,4688;3,7622
00:00:00,044,000;0,5078;3,772
00:00:00,044,100;0,498;3,772
00:00:00,044,200;0,498;3,7842
00:00:00,044,300;0,4883;3,7842
00:00:00,044,400;0,4785;3,7622
00:00:00,044,500;0,498;3,7427
00:00:00,044,600;0,4785;3,7134
00:00:00,044,700;0,4785;3,6133
00:00:00,044,800;0,4883;3,5449
00:00:00,044,900;0,4883;3,4839
00:00:00,045,000;0,5078;3,4058
00:00:00,045,100;0,4688;3,3252
00:00:00,045,200;0,4688;3,2764
00:00:00,045,300;0,4492;3,1665
00:00:00,045,400;0,4492;3,0762
00:00:00,045,500;0,4395;2,9761
00:00:00,045,600;0,4492;2,8784
00:00:00,045,700;0,4297;2,8076
00:00:00,045,800;0,4395;2,6978
00:00:00,045,900;0,4077;2,5977
00:00:00,046,000;0,4077;2,5098
00:00:00,046,100;0,4175;2,4194
00:00:00,046,200;0,4175;2,3096
00:00:00,046,300;0,4175;2,2095
00:00:00,046,400;0,4077;2,1118
00:00:00,046,500;0,3882;2,002
00:00:00,046,600;0,4175;1,8921
00:00:00,046,700;0,3979;1,792
00:00:00,046,800;0,3979;1,6626
00:00:00,046,900;0,3882;1,543
00:00:00,047,000;0,3979;1,4526
00:00:00,047,100;0,3687;1,3037
00:00:00,047,200;0,3882;1,1938
00:00:00,047,300;0,4077;1,0864
00:00:00,047,400;0,3882;0,9473
00:00:00,047,500;0,4077;0,8276
00:00:00,047,600;0,3979;0,7178
00:00:00,047,700;0,3784;0,5981
00:00:00,047,800;0,3882;0,4785
00:00:00,047,900;0,3979;0,3491
00:00:00,048,000;0,4077;0,2393
00:00:00,048,100;0,3979;0,1196
00:00:00,048,200;0,4297;-0,0098
00:00:00,048,300;0,4077;-0,1196
00:00:00,048,400;0,3979;-0,249
00:00:00,048,500;0,4395;-0,3687
00:00:00,048,600;0,4297;-0,4565
00:00:00,048,700;0,4492;-0,5859
00:00:00,048,800;0,4175;-0,686
00:00:00,048,900;0,4297;-0,8057
00:00:00,049,000;0,4175;-0,9058
00:00:00,049,100;0,3101;-1,0156
00:00:00,049,200;0,249;-1,1133
00:00:00,049,300;0,0903;-1,2231
00:00:00,049,400;0,0513;-1,3037
00:00:00,049,500;0,0195;-1,4136
00:00:00,049,600;0;-1,4917
00:00:00,049,700;-0,0488;-1,5527
00:00:00,049,800;-0,0586;-1,6016
00:00:00,049,900;-0,0684;-1,6919
00:00:00,050,000;-0,0879;-1,7212
00:00:00,050,100;-0,1196;-1,792
00:00:00,050,200;-0,1294;-1,8408
00:00:00,050,300;-0,1782;-1,9312
00:00:00,050,400;-0,1587;-1,98
00:00:00,050,500;-0,188;-2,041
00:00:00,050,600;-0,2075;-2,0996
00:00:00,050,700;-0,2588;-2,1606
00:00:00,050,800;-0,2686;-2,2095
00:00:00,050,900;-0,2881;-2,2583
00:00:00,051,000;-0,2783;-2,3291
00:00:00,051,100;-0,2979;-2,3682
00:00:00,051,200;-0,3271;-2,4487
00:00:00,051,300;-0,3369;-2,4976
00:00:00,051,400;-0,3589;-2,5488
00:00:00,051,500;-0,3784;-2,627
00:00:00,051,600;-0,3784;-2,666
00:00:00,051,700;-0,3979;-2,7466
00:00:00,051,800;-0,4175;-2,7954
00:00:00,051,900;-0,4272;-2,8467
00:00:00,052,000;-0,4272;-2,8955
00:00:00,052,100;-0,4468;-2,9565
00:00:00,052,200;-0,437;-2,9956
00:00:00,052,300;-0,437;-3,0347
00:00:00,052,400;-0,4468;-3,1055
00:00:00,052,500;-0,4663;-3,1543
00:00:00,052,600;-0,437;-3,1958
00:00:00,052,700;-0,4468;-3,2739
00:00:00,052,800;-0,437;-3,313
00:00:00,052,900;-0,4175;-3,3936
00:00:00,053,000;-0,4272;-3,4131
00:00:00,053,100;-0,4175;-3,4839
00:00:00,053,200;-0,4175;-3,5229
00:00:00,053,300;-0,4077;-3,5718
00:00:00,053,400;-0,4077;-3,6035
00:00:00,053,500;-0,3882;-3,6523
00:00:00,053,600;-0,4077;-3,6816
00:00:00,053,700;-0,3979;-3,7134
00:00:00,053,800;-0,3687;-3,7329
00:00:00,053,900;-0,3784;-3,7427
00:00:00,054,000;-0,3687;-3,7622
00:00:00,054,100;-0,3589;-3,772
00:00:00,054,200;-0,3271;-3,772
00:00:00,054,300;-0,3589;-3,772
00:00:00,054,400;-0,3467;-3,772
00:00:00,054,500;-0,3467;-3,7622
00:00:00,054,600;-0,3369;-3,7329
00:00:00,054,700;-0,3369;-3,6328
00:00:00,054,800;-0,3589;-3,562
00:00:00,054,900;-0,3369;-3,5132
00:00:00,055,000;-0,3369;-3,4229
00:00:00,055,100;-0,3467;-3,3545
00:00:00,055,200;-0,3369;-3,2739
00:00:00,055,300;-0,3687;-3,1836
00:00:00,055,400;-0,3369;-3,0859
00:00:00,055,500;-0,3589;-3,0054
00:00:00,055,600;-0,3467;-2,8955
00:00:00,055,700;-0,3784;-2,8076
00:00:00,055,800;-0,3589;-2,7075
00:00:00,055,900;-0,3784;-2,6074
00:00:00,056,000;-0,3687;-2,5269
00:00:00,056,100;-0,3784;-2,439
00:00:00,056,200;-0,3979;-2,3486
00:00:00,056,300;-0,3882;-2,2388
00:00:00,056,400;-0,3979;-2,1289
00:00:00,056,500;-0,3687;-2,0288
00:00:00,056,600;-0,3979;-1,9116
00:00:00,056,700;-0,3784;-1,792
00:00:00,056,800;-0,3882;-1,6919
00:00:00,056,900;-0,3979;-1,582
00:00:00,057,000;-0,3784;-1,4624
00:00:00,057,100;-0,3979;-1,333
00:00:00,057,200;-0,3882;-1,2231
00:00:00,057,300;-0,3784;-1,1035
00:00:00,057,400;-0,3882;-0,9937
00:00:00,057,500;-0,3784;-0,8643
00:00:00,057,600;-0,3687;-0,7471
00:00:00,057,700;-0,3784;-0,647
00:00:00,057,800;-0,3369;-0,5078
00:00:00,057,900;-0,3687;-0,3979
00:00:00,058,000;-0,3369;-0,2686
00:00:00,058,100;-0,3271;-0,1392
00:00:00,058,200;-0,3271;-0,0098
00:00:00,058,300;-0,3369;0,0806
00:00:00,058,400;-0,3076;0,2197
00:00:00,058,500;-0,2881;0,3394
00:00:00,058,600;-0,2783;0,4492
00:00:00,058,700;-0,2881;0,5688
00:00:00,058,800;-0,2588;0,6885
00:00:00,058,900;-0,2686;0,7959
00:00:00,059,000;-0,2686;0,8862
00:00:00,059,100;-0,1489;0,9961
00:00:00,059,200;-0,0781;1,0864
00:00:00,059,300;0,0293;1,1743
00:00:00,059,400;0,0708;1,2744
00:00:00,059,500;0,1196;1,3452
00:00:00,059,600;0,1587;1,4331
00:00:00,059,700;0,1807;1,5137
00:00:00,059,800;0,2197;1,5723
00:00:00,059,900;0,2295;1,6528
00:00:00,060,000;0,2588;1,7114
00:00:00,060,100;0,2588;1,7725
00:00:00,060,200;0,2686;1,8408
00:00:00,060,300;0,2881;1,9116
00:00:00,060,400;0,2881;1,9824
00:00:00,060,500;0,2881;2,0117
00:00:00,060,600;0,3101;2,0898
00:00:00,060,700;0,3198;2,1313
00:00:00,060,800;0,3394;2,1899
00:00:00,060,900;0,3296;2,251
00:00:00,061,000;0,3394;2,3193
00:00:00,061,100;0,3491;2,3486
00:00:00,061,200;0,3491;2,4194
00:00:00,061,300;0,3589;2,4683
00:00:00,061,400;0,3784;2,5195
00:00:00,061,500;0,3589;2,5684
00:00:00,061,600;0,3882;2,6392
00:00:00,061,700;0,3687;2,6978
00:00:00,061,800;0,3882;2,7686
00:00:00,061,900;0,3979;2,8467
00:00:00,062,000;0,4175;2,8784
00:00:00,062,100;0,4395;2,937
00:00:00,062,200;0,4297;2,9858
00:00:00,062,300;0,4395;3,0469
00:00:00,062,400;0,4688;3,1055
00:00:00,062,500;0,4395;3,1763
00:00:00,062,600;0,4688;3,2153
00:00:00,062,700;0,4492;3,2666
00:00:00,062,800;0,4785;3,3154
00:00:00,062,900;0,4883;3,3643
00:00:00,063,000;0,4785;3,4155
00:00:00,063,100;0,4785;3,4741
00:00:00,063,200;0,4785;3,5132
00:00:00,063,300;0,4688;3,5547
00:00:00,063,400;0,4883;3,6035
00:00:00,063,500;0,4883;3,6426
00:00:00,063,600;0,5078;3,6743
00:00:00,063,700;0,4883;3,7134
00:00:00,063,800;0,498;3,7427
00:00:00,063,900;0,4883;3,7524
00:00:00,064,000;0,498;3,7622
00:00:00,064,100;0,498;3,7842
00:00:00,064,200;0,498;3,7939
00:00:00,064,300;0,4883;3,7842
00:00:00,064,400;0,5078;3,7622
00:00:00,064,500;0,4785;3,7524
00:00:00,064,600;0,4688;3,7134
00:00:00,064,700;0,4785;3,6426
00:00:00,064,800;0,498;3,5449
00:00:00,064,900;0,4785;3,4839
00:00:00,065,000;0,4883;3,4253
00:00:00,065,100;0,4883;3,3447
00:00:00,065,200;0,4785;3,2544
00:00:00,065,300;0,4785;3,186
00:00:00,065,400;0,4492;3,0859
00:00:00,065,500;0,459;2,9761
00:00:00,065,600;0,4492;2,9077
00:00:00,065,700;0,4395;2,7881
00:00:00,065,800;0,459;2,7173
00:00:00,065,900;0,4297;2,6074
00:00:00,066,000;0,4297;2,5293
00:00:00,066,100;0,4175;2,4292
00:00:00,066,200;0,4077;2,3389
00:00:00,066,300;0,3882;2,2314
00:00:00,066,400;0,4077;2,1313
00:00:00,066,500;0,3784;2,0215
00:00:00,066,600;0,4175;1,9116
00:00:00,066,700;0,3882;1,8018
00:00:00,066,800;0,3882;1,6821
00:00:00,066,900;0,3687;1,5723
00:00:00,067,000;0,3882;1,4526
00:00:00,067,100;0,3687;1,3354
00:00:00,067,200;0,3882;1,2158
00:00:00,067,300;0,3882;1,0864
00:00:00,067,400;0,3882;0,9863
00:00:00,067,500;0,3882;0,8472
00:00:00,067,600;0,3882;0,7471
00:00:00,067,700;0,4077;0,6079
00:00:00,067,800;0,3882;0,4883
00:00:00,067,900;0,4077;0,3784
00:00:00,068,000;0,4077;0,2686
00:00:00,068,100;0,3882;0,1294
00:00:00,068,200;0,4077;0,0098
00:00:00,068,300;0,3979;-0,1001
00:00:00,068,400;0,3979;-0,2393
00:00:00,068,500;0,4077;-0,3467
00:00:00,068,600;0,4297;-0,4468
00:00:00,068,700;0,4395;-0,5762
00:00:00,068,800;0,4395;-0,6665
00:00:00,068,900;0,4175;-0,7959
00:00:00,069,000;0,4077;-0,896
00:00:00,069,100;0,3198;-0,9741
00:00:00,069,200;0,2393;-1,1035
00:00:00,069,300;0,0806;-1,2036
00:00:00,069,400;0,0513;-1,2939
00:00:00,069,500;0,0098;-1,4038
00:00:00,069,600;0;-1,4722
00:00:00,069,700;-0,0391;-1,5332
00:00:00,069,800;-0,0488;-1,5918
00:00:00,069,900;-0,0781;-1,6626
00:00:00,070,000;-0,1001;-1,7114
00:00:00,070,100;-0,1099;-1,7822
00:00:00,070,200;-0,1392;-1,8311
00:00:00,070,300;-0,1685;-1,9116
00:00:00,070,400;-0,1685;-1,9604
00:00:00,070,500;-0,2075;-2,0288
00:00:00,070,600;-0,2173;-2,0801
00:00:00,070,700;-0,2295;-2,1606
00:00:00,070,800;-0,2393;-2,1997
00:00:00,070,900;-0,2686;-2,2583
00:00:00,071,000;-0,2979;-2,3096
00:00:00,071,100;-0,2979;-2,3682
00:00:00,071,200;-0,3174;-2,4292
00:00:00,071,300;-0,3687;-2,478
00:00:00,071,400;-0,3589;-2,5488
00:00:00,071,500;-0,3882;-2,5977
00:00:00,071,600;-0,4077;-2,6465
00:00:00,071,700;-0,3979;-2,7271
00:00:00,071,800;-0,4077;-2,7759
00:00:00,071,900;-0,437;-2,8369
00:00:00,072,000;-0,437;-2,876
00:00:00,072,100;-0,4272;-2,937
00:00:00,072,200;-0,4175;-2,9761
00:00:00,072,300;-0,4468;-3,0347
00:00:00,072,400;-0,4468;-3,0957
00:00:00,072,500;-0,4272;-3,1445
00:00:00,072,600;-0,4175;-3,1836
00:00:00,072,700;-0,437;-3,2446
00:00:00,072,800;-0,437;-3,3032
00:00:00,072,900;-0,4272;-3,3643
00:00:00,073,000;-0,4468;-3,4131
00:00:00,073,100;-0,4077;-3,4644
00:00:00,073,200;-0,3882;-3,5132
00:00:00,073,300;-0,3784;-3,5522
00:00:00,073,400;-0,3979;-3,5938
00:00:00,073,500;-0,3882;-3,6426
00:00:00,073,600;-0,3687;-3,6816
00:00:00,073,700;-0,3882;-3,7134
00:00:00,073,800;-0,3589;-3,7329
00:00:00,073,900;-0,3687;-3,7524
00:00:00,074,000;-0,3467;-3,7524
00:00:00,074,100;-0,3467;-3,772
00:00:00,074,200;-0,3687;-3,7817
00:00:00,074,300;-0,3467;-3,772
00:00:00,074,400;-0,3369;-3,7622
00:00:00,074,500;-0,3687;-3,7524
00:00:00,074,600;-0,3589;-3,7231
00:00:00,074,700;-0,3467;-3,6523
00:00:00,074,800;-0,3369;-3,562
00:00:00,074,900;-0,3467;-3,4937
00:00:00,075,000;-0,3271;-3,4229
00:00:00,075,100;-0,3467;-3,3545
00:00:00,075,200;-0,3467;-3,2739
00:00:00,075,300;-0,3369;-3,1958
00:00:00,075,400;-0,3589;-3,0957
00:00:00,075,500;-0,3467;-3,0151
00:00:00,075,600;-0,3784;-2,9053
00:00:00,075,700;-0,3687;-2,8174
00:00:00,075,800;-0,3589;-2,7271
00:00:00,075,900;-0,3687;-2,6172
00:00:00,076,000;-0,3687;-2,5366
00:00:00,076,100;-0,3687;-2,439
00:00:00,076,200;-0,3882;-2,3389
00:00:00,076,300;-0,3882;-2,2388
00:00:00,076,400;-0,3784;-2,1387
00:00:00,076,500;-0,3882;-2,041
00:00:00,076,600;-0,3882;-1,9312
00:00:00,076,700;-0,4077;-1,8213
00:00:00,076,800;-0,4077;-1,7017
00:00:00,076,900;-0,3979;-1,5918
00:00:00,077,000;-0,3979;-1,4624
00:00:00,077,100;-0,3882;-1,3428
00:00:00,077,200;-0,3979;-1,2329
00:00:00,077,300;-0,3979;-1,1353
00:00:00,077,400;-0,3979;-0,9839
00:00:00,077,500;-0,3784;-0,8862
00:00:00,077,600;-0,3589;-0,7568
00:00:00,077,700;-0,3784;-0,647
00:00:00,077,800;-0,3687;-0,5078
00:00:00,077,900;-0,3589;-0,3979
00:00:00,078,000;-0,3467;-0,2588
00:00:00,078,100;-0,3467;-0,1587
00:00:00,078,200;-0,3271;-0,0293
00:00:00,078,300;-0,3271;0,1001
00:00:00,078,400;-0,3076;0,21
00:00:00,078,500;-0,3271;0,3296
00:00:00,078,600;-0,3076;0,459
00:00:00,078,700;-0,3076;0,5591
00:00:00,078,800;-0,2783;0,6885
00:00:00,078,900;-0,3076;0,7764
00:00:00,079,000;-0,2783;0,8862
00:00:00,079,100;-0,1782;0,9766
00:00:00,079,200;-0,0879;1,0864
00:00:00,079,300;0,0415;1,1743
00:00:00,079,400;0,0903;1,2646
00:00:00,079,500;0,1294;1,3452
00:00:00,079,600;0,1489;1,4331
00:00:00,079,700;0,1709;1,4844
00:00:00,079,800;0,1904;1,5723
00:00:00,079,900;0,2197;1,6431
00:00:00,080,000;0,2295;1,7236
00:00:00,080,100;0,2588;1,7725
00:00:00,080,200;0,2686;1,8311
00:00:00,080,300;0,2783;1,8726
00:00:00,080,400;0,2881;1,9507
00:00:00,080,500;0,2686;2,0117
00:00:00,080,600;0,2881;2,0703
00:00:00,080,700;0,3003;2,1313
00:00:00,080,800;0,3394;2,1997
00:00:00,080,900;0,3198;2,251
00:00:00,081,000;0,3198;2,2998
00:00:00,081,100;0,3394;2,3486
00:00:00,081,200;0,3491;2,4097
00:00:00,081,300;0,3491;2,4585
00:00:00,081,400;0,3589;2,5195
00:00:00,081,500;0,3589;2,5586
00:00:00,081,600;0,3784;2,6392
00:00:00,081,700;0,3882;2,688
00:00:00,081,800;0,3979;2,7783
00:00:00,081,900;0,3979;2,8076
00:00:00,082,000;0,4077;2,8882
00:00:00,082,100;0,4077;2,9272
00:00:00,082,200;0,4077;2,9858
00:00:00,082,300;0,459;3,0469
00:00:00,082,400;0,4395;3,0859
00:00:00,082,500;0,4297;3,147
00:00:00,082,600;0,459;3,2056
00:00:00,082,700;0,4395;3,2666
00:00:00,082,800;0,4688;3,3252
00:00:00,082,900;0,4785;3,3838
00:00:00,083,000;0,4688;3,4253
00:00:00,083,100;0,4688;3,4839
00:00:00,083,200;0,4883;3,5352
00:00:00,083,300;0,4688;3,5449
00:00:00,083,400;0,5078;3,6133
00:00:00,083,500;0,4883;3,6426
00:00:00,083,600;0,498;3,6841
00:00:00,083,700;0,498;3,7036
00:00:00,083,800;0,5176;3,7524
00:00:00,083,900;0,498;3,7524
00:00:00,084,000;0,498;3,7842
00:00:00,084,100;0,498;3,7842
00:00:00,084,200;0,498;3,772
00:00:00,084,300;0,498;3,772
00:00:00,084,400;0,4883;3,772
00:00:00,084,500;0,4785;3,7524
00:00:00,084,600;0,4883;3,7329
00:00:00,084,700;0,4688;3,6328
00:00:00,084,800;0,4688;3,5449
00:00:00,084,900;0,4785;3,4937
00:00:00,085,000;0,4688;3,4253
00:00:00,085,100;0,459;3,3447
00:00:00,085,200;0,4883;3,2861
00:00:00,085,300;0,4492;3,1763
00:00:00,085,400;0,4492;3,1055
00:00:00,085,500;0,4492;3,0078
00:00:00,085,600;0,459;2,9175
00:00:00,085,700;0,4492;2,8271
00:00:00,085,800;0,4297;2,7173
00:00:00,085,900;0,4175;2,6294
00:00:00,086,000;0,4175;2,5391
00:00:00,086,100;0,4077;2,4292
00:00:00,086,200;0,4175;2,3389
00:00:00,086,300;0,4175;2,2412
00:00:00,086,400;0,4077;2,1313
00:00:00,086,500;0,3882;2,0313
00:00:00,086,600;0,3979;1,9214
00:00:00,086,700;0,3979;1,8115
00:00:00,086,800;0,3979;1,6919
00:00:00,086,900;0,3882;1,5723
00:00:00,087,000;0,3882;1,4746
00:00:00,087,100;0,3784;1,3354
00:00:00,087,200;0,3979;1,2158
00:00:00,087,300;0,3882;1,106
00:00:00,087,400;0,3882;0,9766
00:00:00,087,500;0,3687;0,8667
00:00:00,087,600;0,3882;0,7471
00:00:00,087,700;0,4175;0,6274
00:00:00,087,800;0,3979;0,5176
00:00:00,087,900;0,3882;0,3687
00:00:00,088,000;0,3784;0,2686
00:00:00,088,100;0,4077;0,1196
00:00:00,088,200;0,4395;0,0195
00:00:00,088,300;0,4077;-0,1099
00:00:00,088,400;0,4297;-0,2075
00:00:00,088,500;0,4077;-0,3467
00:00:00,088,600;0,4175;-0,4468
00:00:00,088,700;0,4297;-0,5762
00:00:00,088,800;0,4175;-0,6567
00:00:00,088,900;0,4175;-0,7764
00:00:00,089,000;0,4175;-0,8862
00:00:00,089,100;0,3198;-0,9839
00:00:00,089,200;0,2686;-1,1035
00:00:00,089,300;0,1001;-1,1938
00:00:00,089,400;0,0708;-1,2842
00:00:00,089,500;0,0293;-1,3818
00:00:00,089,600;0,0098;-1,4624
00:00:00,089,700;-0,0293;-1,543
00:00:00,089,800;-0,0586;-1,5918
00:00:00,089,900;-0,0586;-1,6626
00:00:00,090,000;-0,1001;-1,7212
00:00:00,090,100;-0,1099;-1,792
00:00:00,090,200;-0,1392;-1,8311
00:00:00,090,300;-0,1294;-1,9116
00:00:00,090,400;-0,1685;-1,9604
00:00:00,090,500;-0,1978;-2,019
00:00:00,090,600;-0,2075;-2,0801
00:00:00,090,700;-0,2588;-2,1387
00:00:00,090,800;-0,2588;-2,1899
00:00:00,090,900;-0,2686;-2,2583
00:00:00,091,000;-0,2783;-2,3096
00:00:00,091,100;-0,3076;-2,3682
00:00:00,091,200;-0,3076;-2,4194
00:00:00,091,300;-0,3589;-2,4878
00:00:00,091,400;-0,3589;-2,5269
00:00:00,091,500;-0,3687;-2,5879
00:00:00,091,600;-0,3979;-2,6367
00:00:00,091,700;-0,3882;-2,7173
00:00:00,091,800;-0,4175;-2,7661
00:00:00,091,900;-0,4272;-2,8369
00:00:00,092,000;-0,4272;-2,876
00:00:00,092,100;-0,4272;-2,915
00:00:00,092,200;-0,4468;-2,9663
00:00:00,092,300;-0,4468;-3,0249
00:00:00,092,400;-0,437;-3,0762
00:00:00,092,500;-0,4272;-3,1348
00:00:00,092,600;-0,437;-3,1958
00:00:00,092,700;-0,4272;-3,2446
00:00:00,092,800;-0,4272;-3,2935
00:00:00,092,900;-0,4565;-3,3447
00:00:00,093,000;-0,4175;-3,4131
00:00:00,093,100;-0,4175;-3,4546
00:00:00,093,200;-0,3882;-3,5034
00:00:00,093,300;-0,4175;-3,584
00:00:00,093,400;-0,3784;-3,5938
00:00:00,093,500;-0,3979;-3,6426
00:00:00,093,600;-0,3882;-3,6621
00:00:00,093,700;-0,3784;-3,7012
00:00:00,093,800;-0,3687;-3,7231
00:00:00,093,900;-0,3687;-3,7427
00:00:00,094,000;-0,3784;-3,7817
00:00:00,094,100;-0,3467;-3,7817
00:00:00,094,200;-0,3687;-3,7622
00:00:00,094,300;-0,3467;-3,772
00:00:00,094,400;-0,3467;-3,7817
00:00:00,094,500;-0,3687;-3,7524
00:00:00,094,600;-0,3369;-3,7329
00:00:00,094,700;-0,3589;-3,6621
00:00:00,094,800;-0,3369;-3,5718
00:00:00,094,900;-0,3271;-3,5132
00:00:00,095,000;-0,3174;-3,4326
00:00:00,095,100;-0,3271;-3,3643
00:00:00,095,200;-0,3174;-3,2935
00:00:00,095,300;-0,3369;-3,1958
00:00:00,095,400;-0,3369;-3,1055
00:00:00,095,500;-0,3589;-3,0151
00:00:00,095,600;-0,3467;-2,9053
00:00:00,095,700;-0,3589;-2,8271
00:00:00,095,800;-0,3687;-2,7271
00:00:00,095,900;-0,3687;-2,6465
00:00:00,096,000;-0,3882;-2,5366
00:00:00,096,100;-0,3687;-2,4487
00:00:00,096,200;-0,3882;-2,3486
00:00:00,096,300;-0,3979;-2,2485
00:00:00,096,400;-0,3882;-2,1484
00:00:00,096,500;-0,3979;-2,0605
00:00:00,096,600;-0,4077;-1,9214
00:00:00,096,700;-0,3882;-1,8311
00:00:00,096,800;-0,3784;-1,7212
00:00:00,096,900;-0,3979;-1,5918
00:00:00,097,000;-0,3882;-1,4722
00:00:00,097,100;-0,3784;-1,3525
00:00:00,097,200;-0,3784;-1,2427
00:00:00,097,300;-0,3784;-1,1353
00:00:00,097,400;-0,3784;-0,9937
00:00:00,097,500;-0,3784;-0,8765
00:00:00,097,600;-0,3687;-0,7666
00:00:00,097,700;-0,3589;-0,6567
00:00:00,097,800;-0,3467;-0,5078
00:00:00,097,900;-0,3271;-0,4175
00:00:00,098,000;-0,3589;-0,2686
00:00:00,098,100;-0,3369;-0,1587
00:00:00,098,200;-0,3271;-0,0293
00:00:00,098,300;-0,3271;0,0903
00:00:00,098,400;-0,3271;0,21
00:00:00,098,500;-0,3076;0,3296
00:00:00,098,600;-0,2783;0,4492
00:00:00,098,700;-0,2979;0,5591
00:00:00,098,800;-0,2979;0,6665
00:00:00,098,900;-0,2881;0,7666
00:00:00,099,000;-0,2881;0,8862
00:00:00,099,100;-0,1587;0,9863
00:00:00,099,200;-0,1294;1,0864
00:00:00,099,300;0,0098;1,1548
00:00:00,099,400;0,0903;1,2549
00:00:00,099,500;0,1099;1,3354
00:00:00,099,600;0,1489;1,4233
00:00:00,099,700;0,1807;1,4746
00:00:00,099,800;0,21;1,5625
00:00:00,099,900;0,21;1,6431
00:00:00,100,000;0,2393;1,7114
00:00:00,100,100;0,2393;1,7627
00:00:00,100,200;0,2588;1,8408
00:00:00,100,300;0,249;1,9019
00:00:00,100,400;0,2686;1,9604
00:00:00,100,500;0,2881;2,0117
00:00:00,100,600;0,2881;2,0801
00:00:00,100,700;0,3003;2,1411
00:00:00,100,800;0,3491;2,1899
00:00:00,100,900;0,3296;2,251
00:00:00,101,000;0,3198;2,3193
00:00:00,101,100;0,3394;2,3486
00:00:00,101,200;0,3589;2,4097
00:00:00,101,300;0,3394;2,4585
00:00:00,101,400;0,3491;2,5195
00:00:00,101,500;0,3784;2,5684
00:00:00,101,600;0,3784;2,6294
00:00:00,101,700;0,3882;2,6978
00:00:00,101,800;0,4077;2,7686
00:00:00,101,900;0,3882;2,8076
00:00:00,102,000;0,4077;2,8882
00:00:00,102,100;0,4077;2,937
00:00:00,102,200;0,4175;2,9956
00:00:00,102,300;0,4395;3,0371
00:00:00,102,400;0,4395;3,1152
00:00:00,102,500;0,4492;3,1665
00:00:00,102,600;0,4688;3,2056
00:00:00,102,700;0,4688;3,2666
00:00:00,102,800;0,459;3,3154
00:00:00,102,900;0,4883;3,3643
00:00:00,103,000;0,4688;3,4351
00:00:00,103,100;0,459;3,4644
00:00:00,103,200;0,4883;3,5132
00:00:00,103,300;0,4883;3,5547
00:00:00,103,400;0,498;3,6035
00:00:00,103,500;0,498;3,6548
00:00:00,103,600;0,4883;3,6743
00:00:00,103,700;0,498;3,7036
00:00:00,103,800;0,5078;3,7329
00:00:00,103,900;0,4883;3,7427
00:00:00,104,000;0,4883;3,7939
00:00:00,104,100;0,498;3,772
00:00:00,104,200;0,5078;3,7939
00:00:00,104,300;0,5078;3,772
00:00:00,104,400;0,498;3,772
00:00:00,104,500;0,459;3,7427
00:00:00,104,600;0,4785;3,7329
00:00:00,104,700;0,459;3,6133
00:00:00,104,800;0,4883;3,5645
00:00:00,104,900;0,4785;3,4839
00:00:00,105,000;0,5078;3,4253
00:00:00,105,100;0,4785;3,3545
00:00:00,105,200;0,4785;3,2764
00:00:00,105,300;0,4688;3,186
00:00:00,105,400;0,4688;3,0957
00:00:00,105,500;0,4688;2,9956
00:00:00,105,600;0,4492;2,9175
00:00:00,105,700;0,4492;2,8076
00:00:00,105,800;0,4297;2,7271
00:00:00,105,900;0,4492;2,6196
00:00:00,106,000;0,4175;2,5293
00:00:00,106,100;0,4175;2,4292
00:00:00,106,200;0,4175;2,3389
00:00:00,106,300;0,3979;2,2314
00:00:00,106,400;0,3979;2,1411
00:00:00,106,500;0,3882;2,0313
00:00:00,106,600;0,3882;1,9312
00:00:00,106,700;0,3979;1,8115
00:00:00,106,800;0,3979;1,7114
00:00:00,106,900;0,3882;1,582
00:00:00,107,000;0,3882;1,4746
00:00:00,107,100;0,3979;1,355
00:00:00,107,200;0,4077;1,2354
00:00:00,107,300;0,3784;1,0962
00:00:00,107,400;0,3882;1,0059
00:00:00,107,500;0,3882;0,8374
00:00:00,107,600;0,3979;0,7471
00:00:00,107,700;0,4077;0,6274
00:00:00,107,800;0,4297;0,5078
00:00:00,107,900;0,4077;0,3882
00:00:00,108,000;0,3784;0,2588
00:00:00,108,100;0,4077;0,1489
00:00:00,108,200;0,4175;0,0293
00:00:00,108,300;0,4077;-0,1001
00:00:00,108,400;0,4077;-0,2075
00:00:00,108,500;0,4175;-0,3271
00:00:00,108,600;0,4297;-0,4468
00:00:00,108,700;0,4297;-0,5664
00:00:00,108,800;0,4395;-0,6665
00:00:00,108,900;0,4492;-0,7764
00:00:00,109,000;0,4297;-0,8862
00:00:00,109,100;0,3101;-0,9937
00:00:00,109,200;0,2783;-1,1133
00:00:00,109,300;0,1196;-1,1938
00:00:00,109,400;0,0513;-1,3037
00:00:00,109,500;0,0195;-1,3721
00:00:00,109,600;0;-1,4722
00:00:00,109,700;-0,0098;-1,543
00:00:00,109,800;-0,0488;-1,6016
00:00:00,109,900;-0,0684;-1,6626
00:00:00,110,000;-0,0879;-1,731
00:00:00,110,100;-0,1294;-1,7822
00:00:00,110,200;-0,1392;-1,8408
00:00:00,110,300;-0,1392;-1,9214
00:00:00,110,400;-0,1685;-1,98
00:00:00,110,500;-0,2173;-2,0288
00:00:00,110,600;-0,2075;-2,0801
00:00:00,110,700;-0,2393;-2,1387
00:00:00,110,800;-0,249;-2,1899
00:00:00,110,900;-0,2588;-2,2388
00:00:00,111,000;-0,2686;-2,2998
00:00:00,111,100;-0,3076;-2,3682
00:00:00,111,200;-0,3174;-2,4292
00:00:00,111,300;-0,3467;-2,4683
00:00:00,111,400;-0,3589;-2,5488
00:00:00,111,500;-0,3687;-2,5977
00:00:00,111,600;-0,3882;-2,666
00:00:00,111,700;-0,3979;-2,7173
00:00:00,111,800;-0,3979;-2,7661
00:00:00,111,900;-0,4272;-2,8271
00:00:00,112,000;-0,4272;-2,876
00:00:00,112,100;-0,4175;-2,9248
00:00:00,112,200;-0,4663;-2,9761
00:00:00,112,300;-0,437;-3,0249
00:00:00,112,400;-0,4565;-3,0762
00:00:00,112,500;-0,4565;-3,1348
00:00:00,112,600;-0,4272;-3,1836
00:00:00,112,700;-0,437;-3,2349
00:00:00,112,800;-0,4468;-3,3032
00:00:00,112,900;-0,4468;-3,374
00:00:00,113,000;-0,4175;-3,4033
00:00:00,113,100;-0,4175;-3,4546
00:00:00,113,200;-0,4077;-3,5034
00:00:00,113,300;-0,4077;-3,5522
00:00:00,113,400;-0,3979;-3,5938
00:00:00,113,500;-0,3882;-3,623
00:00:00,113,600;-0,3882;-3,6719
00:00:00,113,700;-0,3882;-3,7134
00:00:00,113,800;-0,3589;-3,7134
00:00:00,113,900;-0,3784;-3,7622
00:00:00,114,000;-0,3687;-3,7524
00:00:00,114,100;-0,3467;-3,7915
00:00:00,114,200;-0,3369;-3,772
00:00:00,114,300;-0,3467;-3,772
00:00:00,114,400;-0,3369;-3,772
00:00:00,114,500;-0,3369;-3,772
00:00:00,114,600;-0,3369;-3,7427
00:00:00,114,700;-0,3174;-3,6719
00:00:00,114,800;-0,3369;-3,562
00:00:00,114,900;-0,3369;-3,5132
00:00:00,115,000;-0,3271;-3,4229
00:00:00,115,100;-0,3369;-3,3643
00:00:00,115,200;-0,3271;-3,2837
00:00:00,115,300;-0,3467;-3,2056
00:00:00,115,400;-0,3369;-3,0957
00:00:00,115,500;-0,3687;-3,0151
00:00:00,115,600;-0,3589;-2,915
00:00:00,115,700;-0,3589;-2,8369
00:00:00,115,800;-0,3784;-2,7368
00:00:00,115,900;-0,3589;-2,6367
00:00:00,116,000;-0,3882;-2,5366
00:00:00,116,100;-0,3687;-2,4487
00:00:00,116,200;-0,3979;-2,3389
00:00:00,116,300;-0,3882;-2,2583
00:00:00,116,400;-0,3784;-2,1387
00:00:00,116,500;-0,3979;-2,041
00:00:00,116,600;-0,4077;-1,9312
00:00:00,116,700;-0,3882;-1,8213
00:00:00,116,800;-0,3882;-1,7114
00:00:00,116,900;-0,3882;-1,5918
00:00:00,117,000;-0,3979;-1,4722
00:00:00,117,100;-0,3882;-1,3623
00:00:00,117,200;-0,3687;-1,2427
00:00:00,117,300;-0,3882;-1,1353
00:00:00,117,400;-0,3882;-1,0059
00:00:00,117,500;-0,3687;-0,896
00:00:00,117,600;-0,3589;-0,7568
00:00:00,117,700;-0,3784;-0,6567
00:00:00,117,800;-0,3589;-0,5371
00:00:00,117,900;-0,3687;-0,4175
00:00:00,118,000;-0,3467;-0,2686
00:00:00,118,100;-0,3369;-0,1587
00:00:00,118,200;-0,3271;-0,0488
00:00:00,118,300;-0,2979;0,0513
00:00:00,118,400;-0,3076;0,21
00:00:00,118,500;-0,2783;0,3296
00:00:00,118,600;-0,2979;0,4297
00:00:00,118,700;-0,2979;0,5591
00:00:00,118,800;-0,3174;0,6372
00:00:00,118,900;-0,2783;0,7764
00:00:00,119,000;-0,2783;0,8667
00:00:00,119,100;-0,1782;0,9766
00:00:00,119,200;-0,1099;1,0767
00:00:00,119,300;0,0293;1,1743
00:00:00,119,400;0,0806;1,2549
00:00:00,119,500;0,1294;1,3452
00:00:00,119,600;0,1489;1,4136
00:00:00,119,700;0,1807;1,4746
00:00:00,119,800;0,1904;1,5723
00:00:00,119,900;0,2295;1,6333
00:00:00,120,000;0,2393;1,7017
00:00:00,120,100;0,2588;1,7725
00:00:00,120,200;0,2686;1,8213
00:00:00,120,300;0,2783;1,8823
00:00:00,120,400;0,2881;1,9507
00:00:00,120,500;0,2783;2,0215
00:00:00,120,600;0,3003;2,0801
00:00:00,120,700;0,3101;2,1313
00:00:00,120,800;0,3198;2,1802
00:00:00,120,900;0,3394;2,2314
00:00:00,121,000;0,3394;2,29
00:00:00,121,100;0,3491;2,3389
00:00:00,121,200;0,3491;2,4097
00:00:00,121,300;0,3687;2,4585
00:00:00,121,400;0,3589;2,5098
00:00:00,121,500;0,3784;2,5781
00:00:00,121,600;0,3784;2,6392
00:00:00,121,700;0,3882;2,688
00:00:00,121,800;0,3979;2,7588
00:00:00,121,900;0,4077;2,8076
00:00:00,122,000;0,4175;2,8662
00:00:00,122,100;0,4297;2,9272
00:00:00,122,200;0,4297;2,9761
00:00:00,122,300;0,459;3,0371
00:00:00,122,400;0,459;3,0957
00:00:00,122,500;0,459;3,147
00:00:00,122,600;0,4492;3,2153
00:00:00,122,700;0,4785;3,2544
00:00:00,122,800;0,4883;3,3252
00:00:00,122,900;0,4785;3,374
00:00:00,123,000;0,4688;3,4253
00:00:00,123,100;0,4785;3,4644
00:00:00,123,200;0,498;3,5034
00:00:00,123,300;0,4883;3,5547
00:00:00,123,400;0,4785;3,6035
00:00:00,123,500;0,5176;3,6328
00:00:00,123,600;0,4688;3,6841
00:00:00,123,700;0,5078;3,7134
00:00:00,123,800;0,498;3,7231
00:00:00,123,900;0,5078;3,7524
00:00:00,124,000;0,498;3,772
00:00:00,124,100;0,498;3,7842
00:00:00,124,200;0,4883;3,7842
00:00:00,124,300;0,4785;3,7842
00:00:00,124,400;0,498;3,772
00:00:00,124,500;0,498;3,7524
00:00:00,124,600;0,4785;3,7329
00:00:00,124,700;0,498;3,6426
00:00:00,124,800;0,498;3,5742
00:00:00,124,900;0,4883;3,5034
00:00:00,125,000;0,4785;3,4253
00:00:00,125,100;0,4883;3,3643
00:00:00,125,200;0,459;3,2764
00:00:00,125,300;0,4883;3,1958
00:00:00,125,400;0,4688;3,0957
00:00:00,125,500;0,4785;3,0176
00:00:00,125,600;0,459;2,9175
00:00:00,125,700;0,4297;2,8076
00:00:00,125,800;0,4492;2,7271
00:00:00,125,900;0,4395;2,6196
00:00:00,126,000;0,4395;2,5391
00:00:00,126,100;0,4175;2,439
00:00:00,126,200;0,4175;2,3486
00:00:00,126,300;0,4077;2,2412
00:00:00,126,400;0,3979;2,1606
00:00:00,126,500;0,4077;2,041
00:00:00,126,600;0,4077;1,9214
00:00:00,126,700;0,3979;1,8311
00:00:00,126,800;0,4077;1,7114
00:00:00,126,900;0,3882;1,5942
00:00:00,127,000;0,3882;1,4844
00:00:00,127,100;0,3882;1,3745
00:00:00,127,200;0,3882;1,2354
00:00:00,127,300;0,3687;1,1157
00:00:00,127,400;0,3882;0,9863
00:00:00,127,500;0,3979;0,8862
00:00:00,127,600;0,3979;0,7568
00:00:00,127,700;0,3784;0,6372
00:00:00,127,800;0,3784;0,5176
00:00:00,127,900;0,3882;0,3979
00:00:00,128,000;0,4077;0,2783
00:00:00,128,100;0,3784;0,1587
00:00:00,128,200;0,4297;0,0415
00:00:00,128,300;0,3979;-0,0879
00:00:00,128,400;0,4175;-0,2075
00:00:00,128,500;0,4077;-0,3369
00:00:00,128,600;0,3979;-0,437
00:00:00,128,700;0,4175;-0,5566
00:00:00,128,800;0,4297;-0,6665
00:00:00,128,900;0,4175;-0,7861
00:00:00,129,000;0,4175;-0,8765
00:00:00,129,100;0,3687;-0,9839
00:00:00,129,200;0,2686;-1,0938
00:00:00,129,300;0,0903;-1,1841
00:00:00,129,400;0,061;-1,2842
00:00:00,129,500;0,0195;-1,3721
00:00:00,129,600;0;-1,4624
00:00:00,129,700;-0,0293;-1,543
00:00:00,129,800;-0,0293;-1,582
00:00:00,129,900;-0,0684;-1,6528
00:00:00,130,000;-0,0781;-1,7017
00:00:00,130,100;-0,1196;-1,7822
00:00:00,130,200;-0,1392;-1,8506
00:00:00,130,300;-0,1392;-1,8994
00:00:00,130,400;-0,1587;-1,9604
00:00:00,130,500;-0,1782;-2,0288
00:00:00,130,600;-0,2393;-2,0801
00:00:00,130,700;-0,2393;-2,1289
00:00:00,130,800;-0,2686;-2,1802
00:00:00,130,900;-0,2881;-2,2485
00:00:00,131,000;-0,2979;-2,2998
00:00:00,131,100;-0,3076;-2,3584
00:00:00,131,200;-0,2783;-2,4194
00:00:00,131,300;-0,3467;-2,4878
00:00:00,131,400;-0,3369;-2,5171
00:00:00,131,500;-0,3687;-2,5879
00:00:00,131,600;-0,4077;-2,6563
00:00:00,131,700;-0,4077;-2,6978
00:00:00,131,800;-0,4175;-2,7856
00:00:00,131,900;-0,4272;-2,8174
00:00:00,132,000;-0,437;-2,8662
00:00:00,132,100;-0,437;-2,915
00:00:00,132,200;-0,437;-2,9761
00:00:00,132,300;-0,4565;-3,0151
00:00:00,132,400;-0,4272;-3,0762
00:00:00,132,500;-0,437;-3,1348
00:00:00,132,600;-0,4468;-3,1836
00:00:00,132,700;-0,4272;-3,2446
00:00:00,132,800;-0,4077;-3,2935
00:00:00,132,900;-0,4272;-3,3447
00:00:00,133,000;-0,437;-3,3936
00:00:00,133,100;-0,4175;-3,4644
00:00:00,133,200;-0,4175;-3,5034
00:00:00,133,300;-0,3979;-3,5522
00:00:00,133,400;-0,3784;-3,5938
00:00:00,133,500;-0,3784;-3,6328
00:00:00,133,600;-0,3882;-3,6621
00:00:00,133,700;-0,3784;-3,7134
00:00:00,133,800;-0,3687;-3,7231
00:00:00,133,900;-0,3467;-3,7524
00:00:00,134,000;-0,3589;-3,7622
00:00:00,134,100;-0,3589;-3,7817
00:00:00,134,200;-0,3467;-3,772
00:00:00,134,300;-0,3589;-3,772
00:00:00,134,400;-0,3467;-3,7622
00:00:00,134,500;-0,3467;-3,772
00:00:00,134,600;-0,3687;-3,7329
00:00:00,134,700;-0,3467;-3,6719
00:00:00,134,800;-0,3271;-3,5718
00:00:00,134,900;-0,3271;-3,4937
00:00:00,135,000;-0,3174;-3,4424
00:00:00,135,100;-0,3271;-3,374
00:00:00,135,200;-0,3369;-3,3032
00:00:00,135,300;-0,3589;-3,2056
00:00:00,135,400;-0,3784;-3,1055
00:00:00,135,500;-0,3687;-3,0249
00:00:00,135,600;-0,3589;-2,9248
00:00:00,135,700;-0,3784;-2,8467
00:00:00,135,800;-0,3589;-2,7466
00:00:00,135,900;-0,3589;-2,627
00:00:00,136,000;-0,3784;-2,5586
00:00:00,136,100;-0,3882;-2,4683
00:00:00,136,200;-0,3687;-2,3682
00:00:00,136,300;-0,3979;-2,2681
00:00:00,136,400;-0,3687;-2,1387
00:00:00,136,500;-0,4077;-2,0508
00:00:00,136,600;-0,3979;-1,9409
00:00:00,136,700;-0,3882;-1,8408
00:00:00,136,800;-0,4077;-1,7212
00:00:00,136,900;-0,4077;-1,6113
00:00:00,137,000;-0,4077;-1,5015
00:00:00,137,100;-0,3979;-1,3721
00:00:00,137,200;-0,3882;-1,2646
00:00:00,137,300;-0,3882;-1,145
00:00:00,137,400;-0,3687;-1,0254
00:00:00,137,500;-0,3882;-0,8862
00:00:00,137,600;-0,3589;-0,7861
00:00:00,137,700;-0,3687;-0,6665
00:00:00,137,800;-0,3687;-0,5176
00:00:00,137,900;-0,3467;-0,4175
00:00:00,138,000;-0,3687;-0,2881
00:00:00,138,100;-0,3271;-0,1782
00:00:00,138,200;-0,3271;-0,0391
00:00:00,138,300;-0,3174;0,061
00:00:00,138,400;-0,2979;0,2002
00:00:00,138,500;-0,3174;0,3003
00:00:00,138,600;-0,3076;0,4395
00:00:00,138,700;-0,2979;0,5273
00:00:00,138,800;-0,2686;0,6567
00:00:00,138,900;-0,2881;0,7666
00:00:00,139,000;-0,2783;0,8667
00:00:00,139,100;-0,1782;0,9766
00:00:00,139,200;-0,1294;1,0767
00:00:00,139,300;0,0098;1,1646
00:00:00,139,400;0,061;1,2451
00:00:00,139,500;0,1099;1,3354
00:00:00,139,600;0,1392;1,4136
00:00:00,139,700;0,21;1,4844
00:00:00,139,800;0,2002;1,5625
00:00:00,139,900;0,2295;1,6333
00:00:00,140,000;0,249;1,7017
00:00:00,140,100;0,2588;1,7627
00:00:00,140,200;0,2588;1,8213
00:00:00,140,300;0,2783;1,8726
00:00:00,140,400;0,2783;1,9507
00:00:00,140,500;0,3003;2,0117
00:00:00,140,600;0,3003;2,0605
00:00:00,140,700;0,3101;2,1313
00:00:00,140,800;0,3198;2,1899
00:00:00,140,900;0,3296;2,2412
00:00:00,141,000;0,3198;2,2998
00:00:00,141,100;0,3394;2,3389
00:00:00,141,200;0,3394;2,3804
00:00:00,141,300;0,3491;2,4487
00:00:00,141,400;0,3491;2,5
00:00:00,141,500;0,3882;2,5586
00:00:00,141,600;0,3687;2,6196
00:00:00,141,700;0,3882;2,6685
00:00:00,141,800;0,3979;2,7588
00:00:00,141,900;0,3979;2,8076
00:00:00,142,000;0,4175;2,8662
00:00:00,142,100;0,4175;2,9175
00:00:00,142,200;0,4395;2,9761
00:00:00,142,300;0,4395;3,0273
00:00:00,142,400;0,4297;3,0957
00:00:00,142,500;0,4395;3,147
00:00:00,142,600;0,4688;3,1958
00:00:00,142,700;0,4492;3,2544
00:00:00,142,800;0,4688;3,3154
00:00:00,142,900;0,459;3,3643
00:00:00,143,000;0,4688;3,4155
00:00:00,143,100;0,4785;3,4644
00:00:00,143,200;0,459;3,5034
00:00:00,143,300;0,4883;3,5547
00:00:00,143,400;0,4688;3,5938
00:00:00,143,500;0,4785;3,6328
00:00:00,143,600;0,4883;3,6841
00:00:00,143,700;0,4883;3,7036
00:00:00,143,800;0,5078;3,7329
00:00:00,143,900;0,498;3,7427
00:00:00,144,000;0,498;3,7622
00:00:00,144,100;0,4785;3,772
00:00:00,144,200;0,498;3,7842
00:00:00,144,300;0,498;3,7842
00:00:00,144,400;0,5078;3,772
00:00:00,144,500;0,4883;3,7524
00:00:00,144,600;0,4785;3,7329
00:00:00,144,700;0,4883;3,6426
00:00:00,144,800;0,4883;3,5742
00:00:00,144,900;0,498;3,5034
00:00:00,145,000;0,498;3,4253
00:00:00,145,100;0,4688;3,3447
00:00:00,145,200;0,4785;3,2764
00:00:00,145,300;0,459;3,1958
00:00:00,145,400;0,4492;3,1055
00:00:00,145,500;0,4492;3,0273
00:00:00,145,600;0,459;2,9272
00:00:00,145,700;0,4492;2,8271
00:00:00,145,800;0,4395;2,7271
00:00:00,145,900;0,4297;2,6294
00:00:00,146,000;0,4297;2,5391
00:00:00,146,100;0,4297;2,4487
00:00:00,146,200;0,4175;2,3608
00:00:00,146,300;0,3979;2,2412
00:00:00,146,400;0,4077;2,1509
00:00:00,146,500;0,3882;2,041
00:00:00,146,600;0,4077;1,9507
00:00:00,146,700;0,3784;1,8213
00:00:00,146,800;0,3979;1,7236
00:00:00,146,900;0,3979;1,6138
00:00:00,147,000;0,3882;1,4746
00:00:00,147,100;0,3882;1,3647
00:00:00,147,200;0,3784;1,2646
00:00:00,147,300;0,3784;1,1157
00:00:00,147,400;0,3882;0,9961
00:00:00,147,500;0,3882;0,8765
00:00:00,147,600;0,3784;0,7764
00:00:00,147,700;0,3784;0,647
00:00:00,147,800;0,3784;0,5273
00:00:00,147,900;0,4175;0,4077
00:00:00,148,000;0,4077;0,2881
00:00:00,148,100;0,4077;0,1709
00:00:00,148,200;0,4077;0,0513
00:00:00,148,300;0,4175;-0,0684
00:00:00,148,400;0,4077;-0,1978
00:00:00,148,500;0,4175;-0,3174
00:00:00,148,600;0,4297;-0,437
00:00:00,148,700;0,4297;-0,5371
00:00:00,148,800;0,4297;-0,6567
00:00:00,148,900;0,4175;-0,7666
00:00:00,149,000;0,459;-0,8765
00:00:00,149,100;0,3784;-0,9839
00:00:00,149,200;0,2783;-1,0742
00:00:00,149,300;0,1099;-1,1841
00:00:00,149,400;0,0513;-1,2842
00:00:00,149,500;0,0415;-1,3721
00:00:00,149,600;0,0195;-1,4429
00:00:00,149,700;-0,0195;-1,5234
00:00:00,149,800;-0,0391;-1,582
00:00:00,149,900;-0,0488;-1,6528
00:00:00,150,000;-0,1001;-1,7212
00:00:00,150,100;-0,0879;-1,7822
00:00:00,150,200;-0,1294;-1,8311
00:00:00,150,300;-0,1685;-1,8896
00:00:00,150,400;-0,1685;-1,9604
00:00:00,150,500;-0,1978;-2,0288
00:00:00,150,600;-0,2173;-2,0801
00:00:00,150,700;-0,2295;-2,1289
00:00:00,150,800;-0,2686;-2,1802
00:00:00,150,900;-0,2783;-2,2485
00:00:00,151,000;-0,3174;-2,2998
00:00:00,151,100;-0,3076;-2,3682
00:00:00,151,200;-0,3271;-2,4194
00:00:00,151,300;-0,3369;-2,4683
00:00:00,151,400;-0,3784;-2,5269
00:00:00,151,500;-0,3784;-2,5879
00:00:00,151,600;-0,4077;-2,6465
00:00:00,151,700;-0,4175;-2,7075
00:00:00,151,800;-0,4077;-2,7563
00:00:00,151,900;-0,4272;-2,8271
00:00:00,152,000;-0,4565;-2,876
00:00:00,152,100;-0,437;-2,9053
00:00:00,152,200;-0,4468;-2,9663
00:00:00,152,300;-0,4565;-3,0249
00:00:00,152,400;-0,4468;-3,0664
00:00:00,152,500;-0,4663;-3,125
00:00:00,152,600;-0,4468;-3,1738
00:00:00,152,700;-0,4272;-3,2446
00:00:00,152,800;-0,437;-3,3032
00:00:00,152,900;-0,437;-3,3545
00:00:00,153,000;-0,4272;-3,3936
00:00:00,153,100;-0,437;-3,4546
00:00:00,153,200;-0,3979;-3,5034
00:00:00,153,300;-0,4077;-3,5522
00:00:00,153,400;-0,3882;-3,6035
00:00:00,153,500;-0,3784;-3,623
00:00:00,153,600;-0,3687;-3,6719
00:00:00,153,700;-0,3784;-3,6914
00:00:00,153,800;-0,3687;-3,7134
00:00:00,153,900;-0,3589;-3,7622
00:00:00,154,000;-0,3687;-3,7524
00:00:00,154,100;-0,3687;-3,772
00:00:00,154,200;-0,3589;-3,7817
00:00:00,154,300;-0,3369;-3,772
00:00:00,154,400;-0,3589;-3,7622
00:00:00,154,500;-0,3589;-3,7524
00:00:00,154,600;-0,3467;-3,7329
00:00:00,154,700;-0,3589;-3,6719
00:00:00,154,800;-0,3589;-3,584
00:00:00,154,900;-0,3271;-3,5034
00:00:00,155,000;-0,3467;-3,4424
00:00:00,155,100;-0,3369;-3,3545
00:00:00,155,200;-0,3369;-3,2935
00:00:00,155,300;-0,3589;-3,2153
00:00:00,155,400;-0,3589;-3,1152
00:00:00,155,500;-0,3589;-3,0249
00:00:00,155,600;-0,3979;-2,937
00:00:00,155,700;-0,3687;-2,8467
00:00:00,155,800;-0,3589;-2,7368
00:00:00,155,900;-0,3687;-2,6563
00:00:00,156,000;-0,3882;-2,5488
00:00:00,156,100;-0,3589;-2,4585
00:00:00,156,200;-0,3784;-2,3682
00:00:00,156,300;-0,3979;-2,2681
00:00:00,156,400;-0,3979;-2,1704
00:00:00,156,500;-0,3979;-2,0605
00:00:00,156,600;-0,3979;-1,9409
00:00:00,156,700;-0,3784;-1,8408
00:00:00,156,800;-0,4175;-1,7407
00:00:00,156,900;-0,4272;-1,6309
00:00:00,157,000;-0,3979;-1,4819
00:00:00,157,100;-0,3882;-1,3818
00:00:00,157,200;-0,4175;-1,2744
00:00:00,157,300;-0,3882;-1,123
00:00:00,157,400;-0,3979;-1,0352
00:00:00,157,500;-0,3687;-0,9058
00:00:00,157,600;-0,3687;-0,7959
00:00:00,157,700;-0,3467;-0,6665
00:00:00,157,800;-0,3589;-0,5469
00:00:00,157,900;-0,3369;-0,4077
00:00:00,158,000;-0,3589;-0,2979
00:00:00,158,100;-0,3467;-0,1782
00:00:00,158,200;-0,3271;-0,0488
00:00:00,158,300;-0,3174;0,061
00:00:00,158,400;-0,3174;0,1904
00:00:00,158,500;-0,3076;0,2783
00:00:00,158,600;-0,3174;0,4175
00:00:00,158,700;-0,2979;0,5371
00:00:00,158,800;-0,3174;0,6372
00:00:00,158,900;-0,2686;0,7471
00:00:00,159,000;-0,2979;0,8569
00:00:00,159,100;-0,2173;0,957
00:00:00,159,200;-0,1294;1,0645
00:00:00,159,300;0,0195;1,1548
00:00:00,159,400;0,061;1,2451
00:00:00,159,500;0,1099;1,3354
00:00:00,159,600;0,1587;1,4038
00:00:00,159,700;0,1709;1,4941
00:00:00,159,800;0,1904;1,5527
00:00:00,159,900;0,2393;1,6138
00:00:00,160,000;0,249;1,7017
00:00:00,160,100;0,2393;1,7627
00:00:00,160,200;0,2588;1,8213
00:00:00,160,300;0,2783;1,9019
00:00:00,160,400;0,2881;1,9409
00:00:00,160,500;0,3003;2,0117
00:00:00,160,600;0,3003;2,041
00:00:00,160,700;0,3003;2,1313
00:00:00,160,800;0,3101;2,1704
00:00:00,160,900;0,3296;2,2192
00:00:00,161,000;0,3101;2,2803
00:00:00,161,100;0,3296;2,3389
00:00:00,161,200;0,3394;2,3999
00:00:00,161,300;0,3589;2,4487
00:00:00,161,400;0,3491;2,5
00:00:00,161,500;0,3784;2,5586
00:00:00,161,600;0,3687;2,6074
00:00:00,161,700;0,3882;2,6685
00:00:00,161,800;0,3979;2,7368
00:00:00,161,900;0,3882;2,8076
00:00:00,162,000;0,4077;2,8467
00:00:00,162,100;0,4175;2,9077
00:00:00,162,200;0,4175;2,9761
00:00:00,162,300;0,4395;3,0273
00:00:00,162,400;0,459;3,0762
00:00:00,162,500;0,4395;3,1567
00:00:00,162,600;0,459;3,1958
00:00:00,162,700;0,459;3,2666
00:00:00,162,800;0,4492;3,3057
00:00:00,162,900;0,4785;3,374
00:00:00,163,000;0,4688;3,4351
00:00:00,163,100;0,4883;3,4741
00:00:00,163,200;0,4883;3,5132
00:00:00,163,300;0,4883;3,5547
00:00:00,163,400;0,5078;3,5938
00:00:00,163,500;0,498;3,6426
00:00:00,163,600;0,4883;3,6841
00:00:00,163,700;0,4883;3,7036
00:00:00,163,800;0,498;3,7427
00:00:00,163,900;0,5078;3,7622
00:00:00,164,000;0,5078;3,7622
00:00:00,164,100;0,498;3,772
00:00:00,164,200;0,498;3,772
00:00:00,164,300;0,5078;3,7842
00:00:00,164,400;0,4883;3,772
00:00:00,164,500;0,5078;3,7622
00:00:00,164,600;0,498;3,7231
00:00:00,164,700;0,4785;3,6646
00:00:00,164,800;0,4883;3,5742
00:00:00,164,900;0,4688;3,4937
00:00:00,165,000;0,4785;3,4253
00:00:00,165,100;0,4688;3,3545
00:00:00,165,200;0,4395;3,2959
00:00:00,165,300;0,4688;3,1958
00:00:00,165,400;0,459;3,1055
00:00:00,165,500;0,4492;3,0371
00:00:00,165,600;0,459;2,9077
00:00:00,165,700;0,4492;2,8271
00:00:00,165,800;0,4395;2,7368
00:00:00,165,900;0,459;2,6392
00:00:00,166,000;0,4395;2,5488
00:00:00,166,100;0,4175;2,4487
00:00:00,166,200;0,3882;2,3608
00:00:00,166,300;0,3979;2,2607
00:00:00,166,400;0,4175;2,1606
00:00:00,166,500;0,3784;2,041
00:00:00,166,600;0,3784;1,9409
00:00:00,166,700;0,3784;1,853
00:00:00,166,800;0,3784;1,7236
00:00:00,166,900;0,3687;1,604
00:00:00,167,000;0,3687;1,4844
00:00:00,167,100;0,3784;1,3745
00:00:00,167,200;0,3784;1,2549
00:00:00,167,300;0,3882;1,1157
00:00:00,167,400;0,4077;1,0254
00:00:00,167,500;0,3784;0,896
00:00:00,167,600;0,3882;0,7764
00:00:00,167,700;0,3882;0,6372
00:00:00,167,800;0,4077;0,5273
00:00:00,167,900;0,3979;0,4175
00:00:00,168,000;0,4077;0,3003
00:00:00,168,100;0,4077;0,1587
00:00:00,168,200;0,4077;0,0513
00:00:00,168,300;0,4395;-0,0684
00:00:00,168,400;0,3979;-0,1978
00:00:00,168,500;0,4175;-0,3174
00:00:00,168,600;0,4395;-0,4175
00:00:00,168,700;0,4077;-0,5273
00:00:00,168,800;0,4395;-0,6372
00:00:00,168,900;0,4297;-0,7568
00:00:00,169,000;0,3979;-0,8643
00:00:00,169,100;0,3491;-0,9644
00:00:00,169,200;0,2783;-1,0645
00:00:00,169,300;0,1489;-1,1646
00:00:00,169,400;0,0513;-1,2646
00:00:00,169,500;0,0513;-1,3623
00:00:00,169,600;0,0098;-1,4331
00:00:00,169,700;-0,0293;-1,5112
00:00:00,169,800;-0,0293;-1,582
00:00:00,169,900;-0,0684;-1,6309
00:00:00,170,000;-0,1001;-1,7017
00:00:00,170,100;-0,1099;-1,792
00:00:00,170,200;-0,1587;-1,8213
00:00:00,170,300;-0,1587;-1,8994
00:00:00,170,400;-0,1587;-1,9409
00:00:00,170,500;-0,1978;-2,0093
00:00:00,170,600;-0,1978;-2,0605
00:00:00,170,700;-0,2393;-2,1289
00:00:00,170,800;-0,2783;-2,1802
00:00:00,170,900;-0,2783;-2,2485
00:00:00,171,000;-0,2979;-2,2998
00:00:00,171,100;-0,2979;-2,3584
00:00:00,171,200;-0,3174;-2,4072
00:00:00,171,300;-0,3369;-2,4683
00:00:00,171,400;-0,3369;-2,5269
00:00:00,171,500;-0,3687;-2,5879
00:00:00,171,600;-0,3882;-2,6465
00:00:00,171,700;-0,3882;-2,7173
00:00:00,171,800;-0,3979;-2,7661
00:00:00,171,900;-0,4077;-2,8174
00:00:00,172,000;-0,4175;-2,876
00:00:00,172,100;-0,4272;-2,9248
00:00:00,172,200;-0,4468;-2,9663
00:00:00,172,300;-0,4468;-3,0151
00:00:00,172,400;-0,437;-3,0762
00:00:00,172,500;-0,4663;-3,1348
00:00:00,172,600;-0,4565;-3,1738
00:00:00,172,700;-0,4565;-3,2251
00:00:00,172,800;-0,4272;-3,2935
00:00:00,172,900;-0,4468;-3,3447
00:00:00,173,000;-0,437;-3,4033
00:00:00,173,100;-0,4175;-3,4644
00:00:00,173,200;-0,4077;-3,5034
00:00:00,173,300;-0,3784;-3,5522
00:00:00,173,400;-0,3882;-3,6035
00:00:00,173,500;-0,4077;-3,623
00:00:00,173,600;-0,3882;-3,6719
00:00:00,173,700;-0,3687;-3,6914
00:00:00,173,800;-0,3882;-3,7231
00:00:00,173,900;-0,3687;-3,7427
00:00:00,174,000;-0,3687;-3,7622
00:00:00,174,100;-0,3687;-3,7622
00:00:00,174,200;-0,3467;-3,7817
00:00:00,174,300;-0,3467;-3,7817
00:00:00,174,400;-0,3784;-3,772
00:00:00,174,500;-0,3687;-3,7622
00:00:00,174,600;-0,3687;-3,7329
00:00:00,174,700;-0,3369;-3,7134
00:00:00,174,800;-0,3369;-3,5938
00:00:00,174,900;-0,3589;-3,5229
00:00:00,175,000;-0,3271;-3,4424
00:00:00,175,100;-0,3467;-3,3838
00:00:00,175,200;-0,3369;-3,3032
00:00:00,175,300;-0,3467;-3,2251
00:00:00,175,400;-0,3467;-3,125
00:00:00,175,500;-0,3467;-3,0444
00:00:00,175,600;-0,3589;-2,937
00:00:00,175,700;-0,3687;-2,8467
00:00:00,175,800;-0,3882;-2,7563
00:00:00,175,900;-0,3687;-2,666
00:00:00,176,000;-0,3882;-2,5488
00:00:00,176,100;-0,3784;-2,4585
00:00:00,176,200;-0,4175;-2,3682
00:00:00,176,300;-0,4077;-2,2583
00:00:00,176,400;-0,4272;-2,1606
00:00:00,176,500;-0,3882;-2,0703
00:00:00,176,600;-0,3979;-1,9507
00:00:00,176,700;-0,3979;-1,8408
00:00:00,176,800;-0,3784;-1,7505
00:00:00,176,900;-0,3979;-1,6309
00:00:00,177,000;-0,4077;-1,5112
00:00:00,177,100;-0,3784;-1,394
00:00:00,177,200;-0,4175;-1,2744
00:00:00,177,300;-0,3882;-1,1548
00:00:00,177,400;-0,4077;-1,0352
00:00:00,177,500;-0,3882;-0,9155
00:00:00,177,600;-0,3687;-0,7861
00:00:00,177,700;-0,3589;-0,6567
00:00:00,177,800;-0,3687;-0,5664
00:00:00,177,900;-0,3467;-0,4272
00:00:00,178,000;-0,3271;-0,2979
00:00:00,178,100;-0,3467;-0,1782
00:00:00,178,200;-0,3467;-0,0586
00:00:00,178,300;-0,3271;0,0415
00:00:00,178,400;-0,3369;0,1807
00:00:00,178,500;-0,2979;0,3003
00:00:00,178,600;-0,2881;0,4297
00:00:00,178,700;-0,2881;0,5273
00:00:00,178,800;-0,2783;0,6372
00:00:00,178,900;-0,2783;0,7568
00:00:00,179,000;-0,2979;0,8569
00:00:00,179,100;-0,2173;0,9668
00:00:00,179,200;-0,1196;1,0547
00:00:00,179,300;0;1,1548
00:00:00,179,400;0,0806;1,2549
00:00:00,179,500;0,1001;1,3354
00:00:00,179,600;0,1392;1,4038
00:00:00,179,700;0,2002;1,4746
00:00:00,179,800;0,2002;1,543
00:00:00,179,900;0,21;1,6235
00:00:00,180,000;0,2295;1,6821
00:00:00,180,100;0,2295;1,7627
00:00:00,180,200;0,2686;1,8311
00:00:00,180,300;0,2881;1,8823
00:00:00,180,400;0,2686;1,9507
00:00:00,180,500;0,2783;2,0117
00:00:00,180,600;0,3101;2,0703
00:00:00,180,700;0,3003;2,1118
00:00:00,180,800;0,3003;2,1704
00:00:00,180,900;0,3491;2,2095
00:00:00,181,000;0,3198;2,2803
00:00:00,181,100;0,3394;2,3389
00:00:00,181,200;0,3394;2,3804
00:00:00,181,300;0,3687;2,4487
00:00:00,181,400;0,3491;2,5
00:00:00,181,500;0,3784;2,5488
00:00:00,181,600;0,3589;2,6196
00:00:00,181,700;0,3882;2,6685
00:00:00,181,800;0,3882;2,7588
00:00:00,181,900;0,4077;2,8174
00:00:00,182,000;0,4175;2,8662
00:00:00,182,100;0,4077;2,9077
00:00:00,182,200;0,4077;2,9761
00:00:00,182,300;0,4175;3,0176
00:00:00,182,400;0,4492;3,0957
00:00:00,182,500;0,4492;3,147
00:00:00,182,600;0,4492;3,186
00:00:00,182,700;0,4688;3,2446
00:00:00,182,800;0,4492;3,3057
00:00:00,182,900;0,4688;3,3447
00:00:00,183,000;0,4785;3,4253
00:00:00,183,100;0,4883;3,4644
00:00:00,183,200;0,498;3,5132
00:00:00,183,300;0,4785;3,5547
00:00:00,183,400;0,4883;3,5938
00:00:00,183,500;0,4883;3,6328
00:00:00,183,600;0,4883;3,6841
00:00:00,183,700;0,498;3,6938
00:00:00,183,800;0,498;3,7329
00:00:00,183,900;0,5078;3,7524
00:00:00,184,000;0,498;3,7622
00:00:00,184,100;0,4883;3,7524
00:00:00,184,200;0,4785;3,7842
00:00:00,184,300;0,4785;3,7842
00:00:00,184,400;0,4785;3,7842
00:00:00,184,500;0,4883;3,7622
00:00:00,184,600;0,498;3,7329
00:00:00,184,700;0,4883;3,6743
00:00:00,184,800;0,4785;3,5645
00:00:00,184,900;0,498;3,5034
00:00:00,185,000;0,4785;3,4351
00:00:00,185,100;0,5078;3,3643
00:00:00,185,200;0,4492;3,3057
00:00:00,185,300;0,4688;3,2153
00:00:00,185,400;0,4297;3,1152
00:00:00,185,500;0,4492;3,0273
00:00:00,185,600;0,4395;2,9272
00:00:00,185,700;0,4175;2,8467
00:00:00,185,800;0,4395;2,7368
00:00:00,185,900;0,4297;2,6489
00:00:00,186,000;0,4492;2,5586
00:00:00,186,100;0,4077;2,4683
00:00:00,186,200;0,4077;2,3608
00:00:00,186,300;0,4077;2,2705
00:00:00,186,400;0,3687;2,1606
00:00:00,186,500;0,4175;2,0605
00:00:00,186,600;0,3882;1,9409
00:00:00,186,700;0,3979;1,8311
00:00:00,186,800;0,3687;1,7114
00:00:00,186,900;0,3882;1,6138
00:00:00,187,000;0,3979;1,4941
00:00:00,187,100;0,3882;1,3745
00:00:00,187,200;0,3979;1,2646
00:00:00,187,300;0,3784;1,1353
00:00:00,187,400;0,3882;1,0059
00:00:00,187,500;0,3882;0,9058
00:00:00,187,600;0,3882;0,7764
00:00:00,187,700;0,3687;0,6665
00:00:00,187,800;0,4077;0,5273
00:00:00,187,900;0,3979;0,4175
00:00:00,188,000;0,3979;0,3003
00:00:00,188,100;0,4077;0,1807
00:00:00,188,200;0,4175;0,0513
00:00:00,188,300;0,4077;-0,0586
00:00:00,188,400;0,4077;-0,1978
00:00:00,188,500;0,3979;-0,3076
00:00:00,188,600;0,4175;-0,4175
00:00:00,188,700;0,4175;-0,5273
00:00:00,188,800;0,4297;-0,6372
00:00:00,188,900;0,4297;-0,7568
00:00:00,189,000;0,4395;-0,8643
00:00:00,189,100;0,3687;-0,9741
00:00:00,189,200;0,2881;-1,0645
00:00:00,189,300;0,1294;-1,1938
00:00:00,189,400;0,061;-1,2744
00:00:00,189,500;0,0513;-1,3525
00:00:00,189,600;-0,0098;-1,4624
00:00:00,189,700;0;-1,5112
00:00:00,189,800;-0,0391;-1,5918
00:00:00,189,900;-0,0586;-1,6406
00:00:00,190,000;-0,0781;-1,7114
00:00:00,190,100;-0,1001;-1,77
00:00:00,190,200;-0,1392;-1,8311
00:00:00,190,300;-0,1587;-1,8896
00:00:00,190,400;-0,1489;-1,9507
00:00:00,190,500;-0,2075;-2,0093
00:00:00,190,600;-0,2075;-2,0605
00:00:00,190,700;-0,2173;-2,1289
00:00:00,190,800;-0,2588;-2,1899
00:00:00,190,900;-0,2783;-2,2388
00:00:00,191,000;-0,2783;-2,2778
00:00:00,191,100;-0,2979;-2,3584
00:00:00,191,200;-0,3174;-2,4072
00:00:00,191,300;-0,3369;-2,4683
00:00:00,191,400;-0,3467;-2,5269
00:00:00,191,500;-0,3784;-2,5879
00:00:00,191,600;-0,3882;-2,6367
00:00:00,191,700;-0,4077;-2,6978
00:00:00,191,800;-0,4175;-2,7661
00:00:00,191,900;-0,3882;-2,8271
00:00:00,192,000;-0,4272;-2,876
00:00:00,192,100;-0,4468;-2,9248
00:00:00,192,200;-0,4272;-2,9663
00:00:00,192,300;-0,4663;-2,9956
00:00:00,192,400;-0,4565;-3,0664
00:00:00,192,500;-0,437;-3,125
00:00:00,192,600;-0,4565;-3,1836
00:00:00,192,700;-0,4272;-3,2349
00:00:00,192,800;-0,4175;-3,2935
00:00:00,192,900;-0,4272;-3,3545
00:00:00,193,000;-0,4272;-3,3936
00:00:00,193,100;-0,4077;-3,4644
00:00:00,193,200;-0,3882;-3,5132
00:00:00,193,300;-0,3979;-3,5522
00:00:00,193,400;-0,3979;-3,5938
00:00:00,193,500;-0,3882;-3,6328
00:00:00,193,600;-0,3687;-3,6621
00:00:00,193,700;-0,3784;-3,7012
00:00:00,193,800;-0,3784;-3,7231
00:00:00,193,900;-0,3687;-3,7524
00:00:00,194,000;-0,3589;-3,7622
00:00:00,194,100;-0,3467;-3,7817
00:00:00,194,200;-0,3369;-3,7817
00:00:00,194,300;-0,3687;-3,7817
00:00:00,194,400;-0,3687;-3,772
00:00:00,194,500;-0,3369;-3,7622
00:00:00,194,600;-0,3467;-3,7329
00:00:00,194,700;-0,3467;-3,7134
00:00:00,194,800;-0,3467;-3,5938
00:00:00,194,900;-0,3271;-3,5229
00:00:00,195,000;-0,3589;-3,4546
00:00:00,195,100;-0,3369;-3,374
00:00:00,195,200;-0,3369;-3,3032
00:00:00,195,300;-0,3369;-3,2153
00:00:00,195,400;-0,3467;-3,1348
00:00:00,195,500;-0,3589;-3,0444
00:00:00,195,600;-0,3589;-2,9565
00:00:00,195,700;-0,3467;-2,8467
00:00:00,195,800;-0,3784;-2,7563
00:00:00,195,900;-0,3784;-2,6563
00:00:00,196,000;-0,3589;-2,5684
00:00:00,196,100;-0,4175;-2,478
00:00:00,196,200;-0,4077;-2,3779
00:00:00,196,300;-0,3784;-2,2681
00:00:00,196,400;-0,3979;-2,1704
00:00:00,196,500;-0,3784;-2,0703
00:00:00,196,600;-0,3784;-1,9702
00:00:00,196,700;-0,3979;-1,8408
00:00:00,196,800;-0,3882;-1,7407
00:00:00,196,900;-0,3882;-1,6211
00:00:00,197,000;-0,3882;-1,5015
00:00:00,197,100;-0,3882;-1,394
00:00:00,197,200;-0,3979;-1,2646
00:00:00,197,300;-0,3687;-1,1548
00:00:00,197,400;-0,3784;-1,0449
00:00:00,197,500;-0,3784;-0,9155
00:00:00,197,600;-0,3687;-0,7959
00:00:00,197,700;-0,3589;-0,6665
00:00:00,197,800;-0,3687;-0,5469
00:00:00,197,900;-0,3589;-0,4272
00:00:00,198,000;-0,3369;-0,3076
00:00:00,198,100;-0,3174;-0,188
00:00:00,198,200;-0,3369;-0,0586
00:00:00,198,300;-0,3076;0,0513
00:00:00,198,400;-0,2979;0,1709
00:00:00,198,500;-0,2979;0,2783
00:00:00,198,600;-0,2881;0,3979
00:00:00,198,700;-0,3076;0,5273
00:00:00,198,800;-0,2979;0,6274
00:00:00,198,900;-0,2881;0,7373
00:00:00,199,000;-0,2588;0,8472
00:00:00,199,100;-0,2075;0,9668
00:00:00,199,200;-0,1196;1,0645
00:00:00,199,300;0;1,145
00:00:00,199,400;0,0806;1,2451
00:00:00,199,500;0,1294;1,3232
00:00:00,199,600;0,1489;1,4038
00:00:00,199,700;0,1807;1,4746
00:00:00,199,800;0,21;1,543
00:00:00,199,900;0,21;1,6138
00:00:00,200,000;0,2197;1,6919
00:00:00,200,100;0,2393;1,7529
00:00:00,200,200;0,2783;1,8018
00:00:00,200,300;0,2783;1,8823
00:00:00,200,400;0,2881;1,9409
00:00:00,200,500;0,3003;1,9922
00:00:00,200,600;0,3101;2,0508
00:00:00,200,700;0,3296;2,1216
00:00:00,200,800;0,3198;2,1704
00:00:00,200,900;0,3491;2,2192
00:00:00,201,000;0,3296;2,29
00:00:00,201,100;0,3394;2,3389
00:00:00,201,200;0,3394;2,3999
00:00:00,201,300;0,3589;2,4487
00:00:00,201,400;0,3687;2,4902
00:00:00,201,500;0,3687;2,5488
00:00:00,201,600;0,3687;2,6074
00:00:00,201,700;0,3784;2,6685
00:00:00,201,800;0,4077;2,7271
00:00:00,201,900;0,3979;2,7979
00:00:00,202,000;0,3882;2,8564
00:00:00,202,100;0,4077;2,9077
00:00:00,202,200;0,4395;2,9565
00:00:00,202,300;0,4297;3,0176
00:00:00,202,400;0,4395;3,0859
00:00:00,202,500;0,459;3,147
00:00:00,202,600;0,459;3,2153
00:00:00,202,700;0,4688;3,2446
00:00:00,202,800;0,4688;3,3154
00:00:00,202,900;0,4785;3,3545
00:00:00,203,000;0,4688;3,4253
00:00:00,203,100;0,4785;3,4644
00:00:00,203,200;0,4688;3,5034
00:00:00,203,300;0,4883;3,5449
00:00:00,203,400;0,498;3,5938
00:00:00,203,500;0,498;3,6426
00:00:00,203,600;0,498;3,6743
00:00:00,203,700;0,498;3,6841
00:00:00,203,800;0,5078;3,7329
00:00:00,203,900;0,4883;3,7524
00:00:00,204,000;0,498;3,7427
00:00:00,204,100;0,498;3,7622
00:00:00,204,200;0,4785;3,7842
00:00:00,204,300;0,4883;3,7842
00:00:00,204,400;0,4785;3,7842
00:00:00,204,500;0,4785;3,7622
00:00:00,204,600;0,498;3,7427
00:00:00,204,700;0,4785;3,6743
00:00:00,204,800;0,459;3,5938
00:00:00,204,900;0,4883;3,5132
00:00:00,205,000;0,498;3,4546
00:00:00,205,100;0,498;3,3643
00:00:00,205,200;0,4785;3,2861
00:00:00,205,300;0,4883;3,2056
00:00:00,205,400;0,459;3,125
00:00:00,205,500;0,4688;3,0371
00:00:00,205,600;0,459;2,9272
00:00:00,205,700;0,4492;2,8467
00:00:00,205,800;0,4175;2,7368
00:00:00,205,900;0,4492;2,6587
00:00:00,206,000;0,4175;2,5586
00:00:00,206,100;0,4395;2,4683
00:00:00,206,200;0,4175;2,3608
00:00:00,206,300;0,4395;2,2705
00:00:00,206,400;0,4077;2,1802
00:00:00,206,500;0,4175;2,0508
00:00:00,206,600;0,4297;1,9604
00:00:00,206,700;0,4175;1,8311
00:00:00,206,800;0,3979;1,7432
00:00:00,206,900;0,4077;1,6138
00:00:00,207,000;0,3882;1,4941
00:00:00,207,100;0,3687;1,3843
00:00:00,207,200;0,4077;1,2646
00:00:00,207,300;0,3882;1,145
00:00:00,207,400;0,3784;1,0254
00:00:00,207,500;0,4077;0,896
00:00:00,207,600;0,3882;0,7764
00:00:00,207,700;0,3979;0,647
00:00:00,207,800;0,4077;0,5469
00:00:00,207,900;0,3784;0,4175
00:00:00,208,000;0,3882;0,3101
00:00:00,208,100;0,3979;0,1807
00:00:00,208,200;0,4077;0,061
00:00:00,208,300;0,4175;-0,0586
00:00:00,208,400;0,4297;-0,188
00:00:00,208,500;0,4297;-0,3076
00:00:00,208,600;0,4395;-0,4272
00:00:00,208,700;0,4395;-0,5371
00:00:00,208,800;0,4297;-0,6372
00:00:00,208,900;0,4297;-0,7349
00:00:00,209,000;0,4395;-0,8545
00:00:00,209,100;0,4077;-0,9546
00:00:00,209,200;0,2686;-1,0645
00:00:00,209,300;0,1294;-1,1743
00:00:00,209,400;0,0708;-1,2744
00:00:00,209,500;0,0513;-1,3525
00:00:00,209,600;0,0098;-1,4429
00:00:00,209,700;-0,0098;-1,5234
00:00:00,209,800;-0,0391;-1,5723
00:00:00,209,900;-0,0781;-1,6309
00:00:00,210,000;-0,0684;-1,7017
00:00:00,210,100;-0,1099;-1,77
00:00:00,210,200;-0,1294;-1,8213
00:00:00,210,300;-0,1587;-1,8799
00:00:00,210,400;-0,1685;-1,9409
00:00:00,210,500;-0,1782;-2,0093
00:00:00,210,600;-0,1978;-2,0605
00:00:00,210,700;-0,2295;-2,1289
00:00:00,210,800;-0,249;-2,1704
00:00:00,210,900;-0,2686;-2,229
00:00:00,211,000;-0,2783;-2,2778
00:00:00,211,100;-0,3076;-2,3486
00:00:00,211,200;-0,3174;-2,4072
00:00:00,211,300;-0,3271;-2,4683
00:00:00,211,400;-0,3467;-2,5171
00:00:00,211,500;-0,3687;-2,5879
00:00:00,211,600;-0,3882;-2,6465
00:00:00,211,700;-0,4077;-2,6978
00:00:00,211,800;-0,4272;-2,7563
00:00:00,211,900;-0,3882;-2,8174
00:00:00,212,000;-0,437;-2,8662
00:00:00,212,100;-0,437;-2,915
00:00:00,212,200;-0,4468;-2,9565
00:00:00,212,300;-0,4565;-3,0054
00:00:00,212,400;-0,4468;-3,0664
00:00:00,212,500;-0,437;-3,1152
00:00:00,212,600;-0,4565;-3,1738
00:00:00,212,700;-0,4468;-3,2251
00:00:00,212,800;-0,4175;-3,2837
00:00:00,212,900;-0,437;-3,3447
00:00:00,213,000;-0,4175;-3,4033
00:00:00,213,100;-0,4175;-3,4546
00:00:00,213,200;-0,4272;-3,4839
00:00:00,213,300;-0,4175;-3,5425
00:00:00,213,400;-0,3784;-3,584
00:00:00,213,500;-0,3687;-3,6133
00:00:00,213,600;-0,3687;-3,6621
00:00:00,213,700;-0,3784;-3,6914
00:00:00,213,800;-0,3979;-3,7134
00:00:00,213,900;-0,3784;-3,7329
00:00:00,214,000;-0,3784;-3,7622
00:00:00,214,100;-0,3589;-3,772
00:00:00,214,200;-0,3467;-3,7915
00:00:00,214,300;-0,3589;-3,7817
00:00:00,214,400;-0,3467;-3,7622
00:00:00,214,500;-0,3369;-3,772
00:00:00,214,600;-0,3467;-3,7427
00:00:00,214,700;-0,3174;-3,7134
00:00:00,214,800;-0,3467;-3,623
00:00:00,214,900;-0,3271;-3,5229
00:00:00,215,000;-0,3369;-3,4644
00:00:00,215,100;-0,3271;-3,3838
00:00:00,215,200;-0,3174;-3,3032
00:00:00,215,300;-0,3467;-3,2153
00:00:00,215,400;-0,3467;-3,1348
00:00:00,215,500;-0,3687;-3,0444
00:00:00,215,600;-0,3687;-2,9565
00:00:00,215,700;-0,3589;-2,8467
00:00:00,215,800;-0,3784;-2,7563
00:00:00,215,900;-0,3882;-2,6563
00:00:00,216,000;-0,3882;-2,5684
00:00:00,216,100;-0,3687;-2,4878
00:00:00,216,200;-0,3882;-2,3779
00:00:00,216,300;-0,3882;-2,2778
00:00:00,216,400;-0,3784;-2,1802
00:00:00,216,500;-0,3882;-2,0605
00:00:00,216,600;-0,3784;-1,9702
00:00:00,216,700;-0,3882;-1,8604
00:00:00,216,800;-0,3979;-1,7505
00:00:00,216,900;-0,3882;-1,6309
00:00:00,217,000;-0,3882;-1,5332
00:00:00,217,100;-0,3784;-1,4038
00:00:00,217,200;-0,3369;-1,2939
00:00:00,217,300;-0,3687;-1,1646
00:00:00,217,400;-0,3589;-1,0449
00:00:00,217,500;-0,3687;-0,9253
00:00:00,217,600;-0,4077;-0,8057
00:00:00,217,700;-0,3589;-0,6763
00:00:00,217,800;-0,3369;-0,5664
00:00:00,217,900;-0,3467;-0,4468
00:00:00,218,000;-0,3369;-0,3174
00:00:00,218,100;-0,3369;-0,188
00:00:00,218,200;-0,2881;-0,0586
00:00:00,218,300;-0,3467;0,0415
00:00:00,218,400;-0,2979;0,1709
00:00:00,218,500;-0,2979;0,2881
00:00:00,218,600;-0,2881;0,3979
00:00:00,218,700;-0,2979;0,5078
00:00:00,218,800;-0,2783;0,6274
00:00:00,218,900;-0,2783;0,7373
00:00:00,219,000;-0,2783;0,8374
00:00:00,219,100;-0,2393;0,9473
00:00:00,219,200;-0,1294;1,0449
00:00:00,219,300;-0,0293;1,1548
00:00:00,219,400;0,0708;1,2158
00:00:00,219,500;0,1099;1,3037
00:00:00,219,600;0,1587;1,3843
00:00:00,219,700;0,1709;1,4648
00:00:00,219,800;0,2002;1,543
00:00:00,219,900;0,2197;1,604
00:00:00,220,000;0,2393;1,6821
00:00:00,220,100;0,2588;1,7334
00:00:00,220,200;0,2588;1,792
00:00:00,220,300;0,2686;1,8628
00:00:00,220,400;0,2783;1,9312
00:00:00,220,500;0,2881;2,002
00:00:00,220,600;0,3003;2,0508
00:00:00,220,700;0,3101;2,1021
00:00:00,220,800;0,3101;2,1704
00:00:00,220,900;0,3101;2,2192
00:00:00,221,000;0,3589;2,2607
00:00:00,221,100;0,3394;2,3389
00:00:00,221,200;0,3491;2,3706
00:00:00,221,300;0,3491;2,4292
00:00:00,221,400;0,3491;2,478
00:00:00,221,500;0,3589;2,5391
00:00:00,221,600;0,3882;2,5977
00:00:00,221,700;0,3784;2,6685
00:00:00,221,800;0,3784;2,7271
00:00:00,221,900;0,3979;2,7979
00:00:00,222,000;0,3979;2,8369
00:00:00,222,100;0,4297;2,9077
00:00:00,222,200;0,4395;2,9468
00:00:00,222,300;0,4297;3,0176
00:00:00,222,400;0,4297;3,0566
00:00:00,222,500;0,4297;3,125
00:00:00,222,600;0,4395;3,1665
00:00:00,222,700;0,459;3,2446
00:00:00,222,800;0,459;3,2959
00:00:00,222,900;0,459;3,3447
00:00:00,223,000;0,4785;3,396
00:00:00,223,100;0,4883;3,4448
00:00:00,223,200;0,4785;3,5034
00:00:00,223,300;0,4785;3,5449
00:00:00,223,400;0,498;3,584
00:00:00,223,500;0,4883;3,623
00:00:00,223,600;0,498;3,6646
00:00:00,223,700;0,4883;3,6938
00:00:00,223,800;0,498;3,7231
00:00:00,223,900;0,5078;3,7427
00:00:00,224,000;0,498;3,7427
00:00:00,224,100;0,4785;3,7622
00:00:00,224,200;0,4883;3,7622
00:00:00,224,300;0,5078;3,7842
00:00:00,224,400;0,4883;3,772
00:00:00,224,500;0,4785;3,7524
00:00:00,224,600;0,4883;3,7427
00:00:00,224,700;0,4688;3,6938
00:00:00,224,800;0,4785;3,5938
00:00:00,224,900;0,4883;3,5254
00:00:00,225,000;0,4785;3,4448
00:00:00,225,100;0,4785;3,3838
00:00:00,225,200;0,4395;3,2959
00:00:00,225,300;0,4492;3,2251
00:00:00,225,400;0,459;3,125
00:00:00,225,500;0,459;3,0273
00:00:00,225,600;0,4395;2,937
00:00:00,225,700;0,4492;2,8467
00:00:00,225,800;0,4395;2,7686
00:00:00,225,900;0,4297;2,6489
00:00:00,226,000;0,4297;2,5781
00:00:00,226,100;0,4297;2,4683
00:00:00,226,200;0,4077;2,3706
00:00:00,226,300;0,3979;2,2705
